episodeId,character
1,/wiki/Eddard_Stark
1,/wiki/Robert_Baratheon
1,/wiki/Jaime_Lannister
1,/wiki/Catelyn_Stark
1,/wiki/Cersei_Lannister
1,/wiki/Daenerys_Targaryen
1,/wiki/Jorah_Mormont
1,/wiki/Viserys_Targaryen
1,/wiki/Jon_Snow
1,/wiki/Sansa_Stark
1,/wiki/Arya_Stark
1,/wiki/Robb_Stark
1,/wiki/Theon_Greyjoy
1,/wiki/Bran_Stark
1,/wiki/Joffrey_Baratheon
1,/wiki/Sandor_Clegane
1,/wiki/Tyrion_Lannister
1,/wiki/Khal_Drogo
1,/wiki/Luwin
1,/wiki/Jory_Cassel
1,/wiki/Rodrik_Cassel
1,/wiki/Benjen_Stark
1,/wiki/Illyrio_Mopatis
1,/wiki/Qotho
1,/wiki/Ros
1,/wiki/Mordane
1,/wiki/Will
1,/wiki/Jon_Arryn
1,/wiki/Waymar_Royce
1,/wiki/Gared
1,/wiki/Rickon_Stark
1,/wiki/Tommen_Baratheon
1,/wiki/Myrcella_Baratheon
1,/wiki/Hodor
1,/wiki/Pentoshi_servant
1,/wiki/White_Walker_2_(Winter_is_Coming)
1,/wiki/White_Walker_1_(Winter_is_Coming)
1,/wiki/Wildling_girl
1,/wiki/Mago
1,/wiki/Tommy
1,/wiki/Mikken
2,/wiki/Eddard_Stark
2,/wiki/Robert_Baratheon
2,/wiki/Jaime_Lannister
2,/wiki/Catelyn_Stark
2,/wiki/Cersei_Lannister
2,/wiki/Daenerys_Targaryen
2,/wiki/Jorah_Mormont
2,/wiki/Viserys_Targaryen
2,/wiki/Jon_Snow
2,/wiki/Sansa_Stark
2,/wiki/Arya_Stark
2,/wiki/Robb_Stark
2,/wiki/Theon_Greyjoy
2,/wiki/Bran_Stark
2,/wiki/Joffrey_Baratheon
2,/wiki/Sandor_Clegane
2,/wiki/Tyrion_Lannister
2,/wiki/Khal_Drogo
2,/wiki/Luwin
2,/wiki/Jory_Cassel
2,/wiki/Rodrik_Cassel
2,/wiki/Benjen_Stark
2,/wiki/Doreah
2,/wiki/Qotho
2,/wiki/Irri
2,/wiki/Jhiqui
2,/wiki/Ilyn_Payne
2,/wiki/Mycah
2,/wiki/Rast
2,/wiki/Catspaw_assassin
2,/wiki/Lannister_guardsman_(The_Kingsroad)
2,/wiki/Tommen_Baratheon
2,/wiki/Myrcella_Baratheon
2,/wiki/Mikken
3,/wiki/Eddard_Stark
3,/wiki/Robert_Baratheon
3,/wiki/Jaime_Lannister
3,/wiki/Catelyn_Stark
3,/wiki/Cersei_Lannister
3,/wiki/Daenerys_Targaryen
3,/wiki/Jorah_Mormont
3,/wiki/Petyr_Baelish
3,/wiki/Viserys_Targaryen
3,/wiki/Jon_Snow
3,/wiki/Sansa_Stark
3,/wiki/Arya_Stark
3,/wiki/Bran_Stark
3,/wiki/Robb_Stark
3,/wiki/Joffrey_Baratheon
3,/wiki/Tyrion_Lannister
3,/wiki/Khal_Drogo
3,/wiki/Varys
3,/wiki/Jeor_Mormont
3,/wiki/Alliser_Thorne
3,/wiki/Jory_Cassel
3,/wiki/Barristan_Selmy
3,/wiki/Rodrik_Cassel
3,/wiki/Benjen_Stark
3,/wiki/Yoren
3,/wiki/Pycelle
3,/wiki/Renly_Baratheon
3,/wiki/Aemon
3,/wiki/Syrio_Forel
3,/wiki/Old_Nan
3,/wiki/Mordane
3,/wiki/Royal_Steward
3,/wiki/Grenn
3,/wiki/Pypar
3,/wiki/Rast
3,/wiki/Rakharo
3,/wiki/Irri
3,/wiki/Lancel_Lannister
3,/wiki/Drunk_Man
3,/wiki/Goldcloak_1_(Lord_Snow)
3,/wiki/Goldcloak_2_(Lord_Snow)
3,/wiki/King%27s_Landing_whore
4,/wiki/Eddard_Stark
4,/wiki/Robert_Baratheon
4,/wiki/Jaime_Lannister
4,/wiki/Catelyn_Stark
4,/wiki/Cersei_Lannister
4,/wiki/Daenerys_Targaryen
4,/wiki/Jorah_Mormont
4,/wiki/Petyr_Baelish
4,/wiki/Viserys_Targaryen
4,/wiki/Jon_Snow
4,/wiki/Sansa_Stark
4,/wiki/Arya_Stark
4,/wiki/Robb_Stark
4,/wiki/Theon_Greyjoy
4,/wiki/Bran_Stark
4,/wiki/Joffrey_Baratheon
4,/wiki/Sandor_Clegane
4,/wiki/Tyrion_Lannister
4,/wiki/Khal_Drogo
4,/wiki/Luwin
4,/wiki/Varys
4,/wiki/Bronn
4,/wiki/Alliser_Thorne
4,/wiki/Jory_Cassel
4,/wiki/Rodrik_Cassel
4,/wiki/Yoren
4,/wiki/Barristan_Selmy
4,/wiki/Janos_Slynt
4,/wiki/Pycelle
4,/wiki/Renly_Baratheon
4,/wiki/Marillion
4,/wiki/Mordane
4,/wiki/Old_Nan
4,/wiki/Samwell_Tarly
4,/wiki/Grenn
4,/wiki/Pypar
4,/wiki/Rast
4,/wiki/Gregor_Clegane
4,/wiki/Irri
4,/wiki/Doreah
4,/wiki/Hodor
4,/wiki/Hugh
4,/wiki/Gendry
4,/wiki/Tobho_Mott
4,/wiki/Tommen_Baratheon
4,/wiki/Myrcella_Baratheon
4,/wiki/Kurleket
4,/wiki/Knight_of_House_Frey
4,/wiki/Willis_Wode
4,/wiki/Masha_Heddle
4,/wiki/Lancel_Lannister
5,/wiki/Eddard_Stark
5,/wiki/Robert_Baratheon
5,/wiki/Jaime_Lannister
5,/wiki/Catelyn_Stark
5,/wiki/Cersei_Lannister
5,/wiki/Petyr_Baelish
5,/wiki/Sansa_Stark
5,/wiki/Arya_Stark
5,/wiki/Theon_Greyjoy
5,/wiki/Bran_Stark
5,/wiki/Joffrey_Baratheon
5,/wiki/Sandor_Clegane
5,/wiki/Tyrion_Lannister
5,/wiki/Luwin
5,/wiki/Varys
5,/wiki/Jory_Cassel
5,/wiki/Rodrik_Cassel
5,/wiki/Bronn
5,/wiki/Yoren
5,/wiki/Barristan_Selmy
5,/wiki/Lysa_Arryn
5,/wiki/Pycelle
5,/wiki/Renly_Baratheon
5,/wiki/Illyrio_Mopatis
5,/wiki/Marillion
5,/wiki/Loras_Tyrell
5,/wiki/Gregor_Clegane
5,/wiki/Mord
5,/wiki/Mordane
5,/wiki/Ros
5,/wiki/Hugh
5,/wiki/Robin_Arryn
5,/wiki/Vardis_Egen
5,/wiki/Royal_Steward
5,/wiki/Goldcloak_1_(The_Wolf_and_the_Lion)
5,/wiki/Kurleket
5,/wiki/Willis_Wode
5,/wiki/Lancel_Lannister
5,/wiki/Mhaegen
5,/wiki/King%27s_Landing_Whore
5,/wiki/Tommen_Baratheon
5,/wiki/Myrcella_Baratheon
6,/wiki/Eddard_Stark
6,/wiki/Robert_Baratheon
6,/wiki/Catelyn_Stark
6,/wiki/Cersei_Lannister
6,/wiki/Daenerys_Targaryen
6,/wiki/Jorah_Mormont
6,/wiki/Petyr_Baelish
6,/wiki/Viserys_Targaryen
6,/wiki/Robb_Stark
6,/wiki/Sansa_Stark
6,/wiki/Arya_Stark
6,/wiki/Theon_Greyjoy
6,/wiki/Bran_Stark
6,/wiki/Joffrey_Baratheon
6,/wiki/Tyrion_Lannister
6,/wiki/Drogo
6,/wiki/Bronn
6,/wiki/Rodrik_Cassel
6,/wiki/Barristan_Selmy
6,/wiki/Loras_Tyrell
6,/wiki/Lysa_Arryn
6,/wiki/Pycelle
6,/wiki/Renly_Baratheon
6,/wiki/Marillion
6,/wiki/Syrio_Forel
6,/wiki/Mord
6,/wiki/Mordane
6,/wiki/Osha
6,/wiki/Robin_Arryn
6,/wiki/Ros
6,/wiki/Irri
6,/wiki/Doreah
6,/wiki/Hodor
6,/wiki/Vardis_Egen
6,/wiki/Rakharo
6,/wiki/Qotho
6,/wiki/Lancel_Lannister
6,/wiki/Dothraki_crone
6,/wiki/Joss
6,/wiki/Stiv
6,/wiki/Knight_of_House_Lynderly
6,/wiki/Eon_Hunter
6,/wiki/Wallen
6,/wiki/Beric_Dondarrion
7,/wiki/Eddard_Stark
7,/wiki/Robert_Baratheon
7,/wiki/Jaime_Lannister
7,/wiki/Cersei_Lannister
7,/wiki/Daenerys_Targaryen
7,/wiki/Jorah_Mormont
7,/wiki/Petyr_Baelish
7,/wiki/Jon_Snow
7,/wiki/Theon_Greyjoy
7,/wiki/Joffrey_Baratheon
7,/wiki/Sandor_Clegane
7,/wiki/Drogo
7,/wiki/Luwin
7,/wiki/Varys
7,/wiki/Jeor_Mormont
7,/wiki/Alliser_Thorne
7,/wiki/Tywin_Lannister
7,/wiki/Barristan_Selmy
7,/wiki/Samwell_Tarly
7,/wiki/Aemon
7,/wiki/Pycelle
7,/wiki/Renly_Baratheon
7,/wiki/Janos_Slynt
7,/wiki/Osha
7,/wiki/Ros
7,/wiki/Grenn
7,/wiki/Pypar
7,/wiki/Rast
7,/wiki/Irri
7,/wiki/Doreah
7,/wiki/Rakharo
7,/wiki/Qotho
7,/wiki/Royal_Steward
7,/wiki/Wineseller
7,/wiki/Armeca
7,/wiki/Varly
7,/wiki/Othell_Yarwyck
7,/wiki/Jaremy_Rykker
7,/wiki/Night%27s_Watch_Officer_2
7,/wiki/Tomard
7,/wiki/Little_Bird
8,/wiki/Eddard_Stark
8,/wiki/Catelyn_Stark
8,/wiki/Cersei_Lannister
8,/wiki/Daenerys_Targaryen
8,/wiki/Jorah_Mormont
8,/wiki/Petyr_Baelish
8,/wiki/Jon_Snow
8,/wiki/Robb_Stark
8,/wiki/Sansa_Stark
8,/wiki/Arya_Stark
8,/wiki/Theon_Greyjoy
8,/wiki/Bran_Stark
8,/wiki/Joffrey_Baratheon
8,/wiki/Sandor_Clegane
8,/wiki/Tyrion_Lannister
8,/wiki/Drogo
8,/wiki/Luwin
8,/wiki/Varys
8,/wiki/Bronn
8,/wiki/Jeor_Mormont
8,/wiki/Alliser_Thorne
8,/wiki/Rodrik_Cassel
8,/wiki/Tywin_Lannister
8,/wiki/Barristan_Selmy
8,/wiki/Samwell_Tarly
8,/wiki/Pycelle
8,/wiki/Syrio_Forel
8,/wiki/Lysa_Arryn
8,/wiki/Janos_Slynt
8,/wiki/Osha
8,/wiki/Mordane
8,/wiki/Jon_Umber
8,/wiki/Grenn
8,/wiki/Pypar
8,/wiki/Rast
8,/wiki/Shagga
8,/wiki/Mirri_Maz_Duur
8,/wiki/Irri
8,/wiki/Doreah
8,/wiki/Hodor
8,/wiki/Rakharo
8,/wiki/Qotho
8,/wiki/Royal_Steward
8,/wiki/Kevan_Lannister
8,/wiki/Robin_Arryn
8,/wiki/Rickon_Stark
8,/wiki/Meryn_Trant
8,/wiki/Lannister_messenger
8,/wiki/Vayon_Poole
8,/wiki/Night%27s_Watch_messenger
8,/wiki/Othell_Yarwyck
8,/wiki/Lannister_scout
8,/wiki/Stark_guard_(The_Pointy_End)
8,/wiki/Stableboy
8,/wiki/Mago
8,/wiki/Galbart_Glover
8,/wiki/Maege_Mormont
8,/wiki/Timett
8,/wiki/Chella
8,/wiki/Night%27s_Watch_Officer_2
9,/wiki/Eddard_Stark
9,/wiki/Catelyn_Stark
9,/wiki/Jaime_Lannister
9,/wiki/Cersei_Lannister
9,/wiki/Daenerys_Targaryen
9,/wiki/Jorah_Mormont
9,/wiki/Petyr_Baelish
9,/wiki/Jon_Snow
9,/wiki/Robb_Stark
9,/wiki/Sansa_Stark
9,/wiki/Arya_Stark
9,/wiki/Theon_Greyjoy
9,/wiki/Joffrey_Baratheon
9,/wiki/Sandor_Clegane
9,/wiki/Tyrion_Lannister
9,/wiki/Drogo
9,/wiki/Varys
9,/wiki/Bronn
9,/wiki/Jeor_Mormont
9,/wiki/Rodrik_Cassel
9,/wiki/Tywin_Lannister
9,/wiki/Yoren
9,/wiki/Samwell_Tarly
9,/wiki/Pycelle
9,/wiki/Aemon
9,/wiki/Shae
9,/wiki/Walder_Frey
9,/wiki/Jon_Umber
9,/wiki/Ilyn_Payne
9,/wiki/Grenn
9,/wiki/Pypar
9,/wiki/Rast
9,/wiki/Shagga
9,/wiki/Mirri_Maz_Duur
9,/wiki/Irri
9,/wiki/Doreah
9,/wiki/Rakharo
9,/wiki/Qotho
9,/wiki/Kevan_Lannister
9,/wiki/King%27s_Landing_baker
9,/wiki/Night%27s_Watchman
9,/wiki/Stevron_Frey
9,/wiki/Ryger_Rivers
9,/wiki/King%27s_Landing_urchin
9,/wiki/Maege_Mormont
9,/wiki/Leo_Lefford
9,/wiki/Janos_Slynt
9,/wiki/Joyeuse_Erenford
9,/wiki/Timett
9,/wiki/Chella
9,/wiki/Night%27s_Watch_messenger
10,/wiki/Eddard_Stark
10,/wiki/Catelyn_Stark
10,/wiki/Jaime_Lannister
10,/wiki/Cersei_Lannister
10,/wiki/Daenerys_Targaryen
10,/wiki/Jorah_Mormont
10,/wiki/Petyr_Baelish
10,/wiki/Jon_Snow
10,/wiki/Robb_Stark
10,/wiki/Sansa_Stark
10,/wiki/Arya_Stark
10,/wiki/Theon_Greyjoy
10,/wiki/Bran_Stark
10,/wiki/Joffrey_Baratheon
10,/wiki/Sandor_Clegane
10,/wiki/Tyrion_Lannister
10,/wiki/Drogo
10,/wiki/Luwin
10,/wiki/Varys
10,/wiki/Bronn
10,/wiki/Jeor_Mormont
10,/wiki/Rodrik_Cassel
10,/wiki/Tywin_Lannister
10,/wiki/Yoren
10,/wiki/Samwell_Tarly
10,/wiki/Pycelle
10,/wiki/Marillion
10,/wiki/Shae
10,/wiki/Osha
10,/wiki/Ros
10,/wiki/Jon_Umber
10,/wiki/Ilyn_Payne
10,/wiki/Grenn
10,/wiki/Pypar
10,/wiki/Mirri_Maz_Duur
10,/wiki/Irri
10,/wiki/Rakharo
10,/wiki/Kevan_Lannister
10,/wiki/Hodor
10,/wiki/Lancel_Lannister
10,/wiki/Gendry
10,/wiki/Hot_Pie
10,/wiki/Lommy
10,/wiki/Rickon_Stark
10,/wiki/Meryn_Trant
10,/wiki/Rickard_Karstark
10,/wiki/Jonos_Bracken
10,/wiki/Leo_Lefford
10,/wiki/Addam_Marbrand
10,/wiki/Stark_guard_(Fire_and_Blood)
10,/wiki/Galbart_Glover
10,/wiki/Maege_Mormont
11,/wiki/Tyrion_Lannister
11,/wiki/Cersei_Lannister
11,/wiki/Jaime_Lannister
11,/wiki/Catelyn_Stark
11,/wiki/Daenerys_Targaryen
11,/wiki/Petyr_Baelish
11,/wiki/Jorah_Mormont
11,/wiki/Jon_Snow
11,/wiki/Davos_Seaworth
11,/wiki/Brandon_Stark
11,/wiki/Robb_Stark
11,/wiki/Sansa_Stark
11,/wiki/Arya_Stark
11,/wiki/Theon_Greyjoy
11,/wiki/Samwell_Tarly
11,/wiki/Joffrey_Baratheon
11,/wiki/Sandor_Clegane
11,/wiki/Stannis_Baratheon
11,/wiki/Melisandre
11,/wiki/Jeor_Mormont
11,/wiki/Bronn
11,/wiki/Varys
11,/wiki/Shae
11,/wiki/Rodrik_Cassel
11,/wiki/Craster
11,/wiki/Osha
11,/wiki/Cressen
11,/wiki/Grenn
11,/wiki/Eddison_Tollett
11,/wiki/Gendry
11,/wiki/Hot_Pie
11,/wiki/Lommy
11,/wiki/Doreah
11,/wiki/Irri
11,/wiki/Rakharo
11,/wiki/Kovarro
11,/wiki/Hodor
11,/wiki/Ros
11,/wiki/Janos_Slynt
11,/wiki/Matthos_Seaworth
11,/wiki/Dontos_Hollard
11,/wiki/Gilly
11,/wiki/Alton_Lannister
11,/wiki/Meryn_Trant
11,/wiki/Northern_Lord
11,/wiki/Armeca
11,/wiki/Daisy
11,/wiki/Mhaegen
11,/wiki/Tommen_Baratheon
11,/wiki/Myrcella_Baratheon
11,/wiki/Tobho_Mott
11,/wiki/Chella
11,/wiki/Portan
11,/wiki/Tourney_Herald
11,/wiki/Marei
11,/wiki/Male_prostitute
11,/wiki/Timett
11,/wiki/Night%27s_Watch_Officer_2
11,/wiki/Selyse_Baratheon
12,/wiki/Tyrion_Lannister
12,/wiki/Cersei_Lannister
12,/wiki/Daenerys_Targaryen
12,/wiki/Petyr_Baelish
12,/wiki/Jorah_Mormont
12,/wiki/Jon_Snow
12,/wiki/Davos_Seaworth
12,/wiki/Theon_Greyjoy
12,/wiki/Arya_Stark
12,/wiki/Stannis_Baratheon
12,/wiki/Melisandre
12,/wiki/Bronn
12,/wiki/Varys
12,/wiki/Samwell_Tarly
12,/wiki/Shae
12,/wiki/Craster
12,/wiki/Balon_Greyjoy
12,/wiki/Yoren
12,/wiki/Janos_Slynt
12,/wiki/Jaqen_H%27ghar
12,/wiki/Gendry
12,/wiki/Grenn
12,/wiki/Eddison_Tollett
12,/wiki/Doreah
12,/wiki/Irri
12,/wiki/Kovarro
12,/wiki/Hot_Pie
12,/wiki/Lommy
12,/wiki/Ros
12,/wiki/Rorge
12,/wiki/Yara_Greyjoy
12,/wiki/Matthos_Seaworth
12,/wiki/Salladhor_Saan
12,/wiki/Gilly
12,/wiki/Alton_Lannister
12,/wiki/Captain%27s_daughter
12,/wiki/Armeca
12,/wiki/Lordsport_dockhand
12,/wiki/Biter
12,/wiki/Podrick_Payne
12,/wiki/White_Walker_(The_Night_Lands)
12,/wiki/Goldcloak_on_the_Kingsroad
12,/wiki/Ros%27s_dissatisfied_customer
12,/wiki/Marei
12,/wiki/Male_prostitute
12,/wiki/Night%27s_Watch_Officer_2
13,/wiki/Tyrion_Lannister
13,/wiki/Cersei_Lannister
13,/wiki/Catelyn_Stark
13,/wiki/Petyr_Baelish
13,/wiki/Jon_Snow
13,/wiki/Theon_Greyjoy
13,/wiki/Bran_Stark
13,/wiki/Sansa_Stark
13,/wiki/Arya_Stark
13,/wiki/Samwell_Tarly
13,/wiki/Margaery_Tyrell
13,/wiki/Jeor_Mormont
13,/wiki/Bronn
13,/wiki/Varys
13,/wiki/Shae
13,/wiki/Luwin
13,/wiki/Rodrik_Cassel
13,/wiki/Craster
13,/wiki/Balon_Greyjoy
13,/wiki/Yoren
13,/wiki/Renly_Baratheon
13,/wiki/Gendry
13,/wiki/Jaqen_H%27ghar
13,/wiki/Brienne_of_Tarth
13,/wiki/Loras_Tyrell
13,/wiki/Hot_Pie
13,/wiki/Lommy
13,/wiki/Yara_Greyjoy
13,/wiki/Hodor
13,/wiki/Gilly
13,/wiki/Amory_Lorch
13,/wiki/Polliver
13,/wiki/Rorge
13,/wiki/Biter
13,/wiki/Drowned_Priest
13,/wiki/Myrcella_Baratheon
13,/wiki/Tommen_Baratheon
13,/wiki/Daisy
13,/wiki/Timett
13,/wiki/Gerald
13,/wiki/Colen
13,/wiki/Goldcloak_on_the_Kingsroad
13,/wiki/Night%27s_Watch_Officer_2
14,/wiki/Tyrion_Lannister
14,/wiki/Catelyn_Stark
14,/wiki/Daenerys_Targaryen
14,/wiki/Petyr_Baelish
14,/wiki/Jorah_Mormont
14,/wiki/Tywin_Lannister
14,/wiki/Davos_Seaworth
14,/wiki/Joffrey_Baratheon
14,/wiki/Robb_Stark
14,/wiki/Sansa_Stark
14,/wiki/Arya_Stark
14,/wiki/Stannis_Baratheon
14,/wiki/Melisandre
14,/wiki/Margaery_Tyrell
14,/wiki/Bronn
14,/wiki/Sandor_Clegane
14,/wiki/Renly_Baratheon
14,/wiki/Spice_King
14,/wiki/Xaro_Xhoan_Daxos
14,/wiki/Roose_Bolton
14,/wiki/Gendry
14,/wiki/Lancel_Lannister
14,/wiki/Talisa_Maegyr
14,/wiki/Brienne_of_Tarth
14,/wiki/Pyat_Pree
14,/wiki/Doreah
14,/wiki/Irri
14,/wiki/Kovarro
14,/wiki/Hot_Pie
14,/wiki/Loras_Tyrell
14,/wiki/Ros
14,/wiki/Gregor_Clegane
14,/wiki/Meryn_Trant
14,/wiki/Dontos_Hollard
14,/wiki/Tickler
14,/wiki/Lannister_guardsman_(Garden_of_Bones)
14,/wiki/Rennick
14,/wiki/Polliver
14,/wiki/Daisy
14,/wiki/Old_woman_prisoner
14,/wiki/Amory_Lorch
14,/wiki/Wounded_Lannister
14,/wiki/Tortured_prisoner
14,/wiki/Thirteen_member
14,/wiki/Weasel
15,/wiki/Tyrion_Lannister
15,/wiki/Cersei_Lannister
15,/wiki/Catelyn_Stark
15,/wiki/Daenerys_Targaryen
15,/wiki/Petyr_Baelish
15,/wiki/Jorah_Mormont
15,/wiki/Jon_Snow
15,/wiki/Tywin_Lannister
15,/wiki/Davos_Seaworth
15,/wiki/Theon_Greyjoy
15,/wiki/Samwell_Tarly
15,/wiki/Bran_Stark
15,/wiki/Arya_Stark
15,/wiki/Stannis_Baratheon
15,/wiki/Margaery_Tyrell
15,/wiki/Jeor_Mormont
15,/wiki/Bronn
15,/wiki/Luwin
15,/wiki/Hallyne
15,/wiki/Rodrik_Cassel
15,/wiki/Brienne_of_Tarth
15,/wiki/Osha
15,/wiki/Renly_Baratheon
15,/wiki/Pyat_Pree
15,/wiki/Jaqen_H%27ghar
15,/wiki/Gendry
15,/wiki/Lancel_Lannister
15,/wiki/Qhorin_Halfhand
15,/wiki/Grenn
15,/wiki/Loras_Tyrell
15,/wiki/Eddison_Tollett
15,/wiki/Doreah
15,/wiki/Irri
15,/wiki/Kovarro
15,/wiki/Xaro_Xhoan_Daxos
15,/wiki/Yara_Greyjoy
15,/wiki/Hodor
15,/wiki/Hot_Pie
15,/wiki/Dagmer
15,/wiki/Lorren
15,/wiki/Amory_Lorch
15,/wiki/Protestor
15,/wiki/Quaithe
15,/wiki/Reginald_Lannister
15,/wiki/Rickon_Stark
15,/wiki/Myrcella_Baratheon
15,/wiki/Tickler
15,/wiki/Winterfell_shepherd
15,/wiki/Qartheen_woman
15,/wiki/Thirteen_member
15,/wiki/Drennan
16,/wiki/Tyrion_Lannister
16,/wiki/Cersei_Lannister
16,/wiki/Catelyn_Stark
16,/wiki/Daenerys_Targaryen
16,/wiki/Petyr_Baelish
16,/wiki/Jon_Snow
16,/wiki/Tywin_Lannister
16,/wiki/Bran_Stark
16,/wiki/Robb_Stark
16,/wiki/Sansa_Stark
16,/wiki/Arya_Stark
16,/wiki/Theon_Greyjoy
16,/wiki/Joffrey_Baratheon
16,/wiki/Shae
16,/wiki/Sandor_Clegane
16,/wiki/Luwin
16,/wiki/Rodrik_Cassel
16,/wiki/Osha
16,/wiki/Roose_Bolton
16,/wiki/Xaro_Xhoan_Daxos
16,/wiki/Spice_King
16,/wiki/Jaqen_H%27ghar
16,/wiki/Ygritte
16,/wiki/Brienne_of_Tarth
16,/wiki/Talisa_Maegyr
16,/wiki/Qhorin_Halfhand
16,/wiki/Dagmer
16,/wiki/Meryn_Trant
16,/wiki/Amory_Lorch
16,/wiki/Lorren
16,/wiki/Irri
16,/wiki/Hodor
16,/wiki/Kovarro
16,/wiki/High_Septon_(Before_the_riot_of_King%27s_Landing)
16,/wiki/Farlen
16,/wiki/Drennan
16,/wiki/Myrcella_Baratheon
16,/wiki/Rickon_Stark
16,/wiki/Tommen_Baratheon
16,/wiki/King%27s_Landing_rioter_1
16,/wiki/Lannister_captain
16,/wiki/King%27s_Landing_rioter_2
16,/wiki/King%27s_Landing_rioter_3
16,/wiki/Jacks
16,/wiki/Quent
17,/wiki/Tyrion_Lannister
17,/wiki/Cersei_Lannister
17,/wiki/Jaime_Lannister
17,/wiki/Catelyn_Stark
17,/wiki/Daenerys_Targaryen
17,/wiki/Jorah_Mormont
17,/wiki/Jon_Snow
17,/wiki/Tywin_Lannister
17,/wiki/Bran_Stark
17,/wiki/Robb_Stark
17,/wiki/Sansa_Stark
17,/wiki/Arya_Stark
17,/wiki/Theon_Greyjoy
17,/wiki/Shae
17,/wiki/Sandor_Clegane
17,/wiki/Luwin
17,/wiki/Pyat_Pree
17,/wiki/Spice_King
17,/wiki/Xaro_Xhoan_Daxos
17,/wiki/Osha
17,/wiki/Roose_Bolton
17,/wiki/Ygritte
17,/wiki/Brienne_of_Tarth
17,/wiki/Talisa_Maegyr
17,/wiki/Dagmer
17,/wiki/Quaithe
17,/wiki/Rickard_Karstark
17,/wiki/Alton_Lannister
17,/wiki/Lorren
17,/wiki/Hodor
17,/wiki/Kovarro
17,/wiki/Gregor_Clegane
17,/wiki/Rickon_Stark
17,/wiki/Winterfell_shepherd
17,/wiki/Unidentified_handmaiden
17,/wiki/Theon%27s_master_of_hounds
17,/wiki/Thirteen_member
17,/wiki/Torrhen_Karstark
17,/wiki/Karstark_soldier_1
17,/wiki/Farlen
17,/wiki/Drennan
17,/wiki/Jacks
17,/wiki/Karstark_soldier_2
17,/wiki/Stark_guard_1_(A_Man_Without_Honor)
17,/wiki/Quent
17,/wiki/King%27s_Landing_rioter_1
18,/wiki/Tyrion_Lannister
18,/wiki/Cersei_Lannister
18,/wiki/Jaime_Lannister
18,/wiki/Catelyn_Stark
18,/wiki/Daenerys_Targaryen
18,/wiki/Jorah_Mormont
18,/wiki/Jon_Snow
18,/wiki/Tywin_Lannister
18,/wiki/Davos_Seaworth
18,/wiki/Joffrey_Baratheon
18,/wiki/Bran_Stark
18,/wiki/Robb_Stark
18,/wiki/Arya_Stark
18,/wiki/Theon_Greyjoy
18,/wiki/Samwell_Tarly
18,/wiki/Stannis_Baratheon
18,/wiki/Shae
18,/wiki/Bronn
18,/wiki/Varys
18,/wiki/Luwin
18,/wiki/Osha
18,/wiki/Talisa_Maegyr
18,/wiki/Roose_Bolton
18,/wiki/Jaqen_H%27ghar
18,/wiki/Ygritte
18,/wiki/Qhorin_Halfhand
18,/wiki/Yara_Greyjoy
18,/wiki/Gendry
18,/wiki/Brienne_of_Tarth
18,/wiki/Dagmer
18,/wiki/Kevan_Lannister
18,/wiki/Rickard_Karstark
18,/wiki/Grenn
18,/wiki/Eddison_Tollett
18,/wiki/Hot_Pie
18,/wiki/Ros
18,/wiki/Rorge
18,/wiki/Kovarro
18,/wiki/Lord_of_Bones
18,/wiki/Hodor
18,/wiki/Biter
18,/wiki/Rickon_Stark
18,/wiki/Podrick_Payne
18,/wiki/Gregor_Clegane
18,/wiki/Matthos_Seaworth
18,/wiki/Stark_messenger
18,/wiki/Lannister_torturer
18,/wiki/Stark_guard_(A_Man_Without_Honor)
18,/wiki/Lannister_captain
18,/wiki/Lannister_soldier_(The_Prince_of_Winterfell)
19,/wiki/Tyrion_Lannister
19,/wiki/Cersei_Lannister
19,/wiki/Tywin_Lannister
19,/wiki/Davos_Seaworth
19,/wiki/Joffrey_Baratheon
19,/wiki/Sansa_Stark
19,/wiki/Sandor_Clegane
19,/wiki/Stannis_Baratheon
19,/wiki/Bronn
19,/wiki/Varys
19,/wiki/Shae
19,/wiki/Hallyne
19,/wiki/Pycelle
19,/wiki/Lancel_Lannister
19,/wiki/Matthos_Seaworth
19,/wiki/Loras_Tyrell
19,/wiki/Armeca
19,/wiki/Dontos_Hollard
19,/wiki/Ilyn_Payne
19,/wiki/Singing_Lannister_soldier
19,/wiki/Tommen_Baratheon
19,/wiki/Podrick_Payne
19,/wiki/Imry_Florent
19,/wiki/Mandon_Moore
19,/wiki/Baratheon_officer
19,/wiki/Captain_of_the_Archers
20,/wiki/Tyrion_Lannister
20,/wiki/Cersei_Lannister
20,/wiki/Jaime_Lannister
20,/wiki/Catelyn_Stark
20,/wiki/Daenerys_Targaryen
20,/wiki/Petyr_Baelish
20,/wiki/Jorah_Mormont
20,/wiki/Jon_Snow
20,/wiki/Tywin_Lannister
20,/wiki/Robb_Stark
20,/wiki/Bran_Stark
20,/wiki/Sansa_Stark
20,/wiki/Arya_Stark
20,/wiki/Theon_Greyjoy
20,/wiki/Samwell_Tarly
20,/wiki/Joffrey_Baratheon
20,/wiki/Margaery_Tyrell
20,/wiki/Stannis_Baratheon
20,/wiki/Melisandre
20,/wiki/Varys
20,/wiki/Shae
20,/wiki/Drogo
20,/wiki/Pyat_Pree
20,/wiki/Osha
20,/wiki/Jaqen_H%27ghar
20,/wiki/Qhorin_Halfhand
20,/wiki/Brienne_of_Tarth
20,/wiki/Ygritte
20,/wiki/Xaro_Xhoan_Daxos
20,/wiki/Gendry
20,/wiki/Talisa_Maegyr
20,/wiki/Ros
20,/wiki/Loras_Tyrell
20,/wiki/Grenn
20,/wiki/Eddison_Tollett
20,/wiki/Hot_Pie
20,/wiki/Dagmer
20,/wiki/Doreah
20,/wiki/Kovarro
20,/wiki/Hodor
20,/wiki/Rickon_Stark
20,/wiki/Lord_of_Bones
20,/wiki/Lorren
20,/wiki/Podrick_Payne
20,/wiki/Jaqen_H%27ghar
20,/wiki/Stark_soldier_(Valar_Morghulis)
20,/wiki/Tom
20,/wiki/Septon_(Valar_Morghulis)
20,/wiki/White_Walker_(Valar_Morghulis)
20,/wiki/Rhaego
21,/wiki/Tyrion_Lannister
21,/wiki/Cersei_Lannister
21,/wiki/Daenerys_Targaryen
21,/wiki/Jon_Snow
21,/wiki/Robb_Stark
21,/wiki/Jorah_Mormont
21,/wiki/Catelyn_Stark
21,/wiki/Petyr_Baelish
21,/wiki/Tywin_Lannister
21,/wiki/Davos_Seaworth
21,/wiki/Stannis_Baratheon
21,/wiki/Melisandre
21,/wiki/Margaery_Tyrell
21,/wiki/Samwell_Tarly
21,/wiki/Joffrey_Baratheon
21,/wiki/Sansa_Stark
21,/wiki/Talisa_Stark
21,/wiki/Shae
21,/wiki/Ygritte
21,/wiki/Jeor_Mormont
21,/wiki/Bronn
21,/wiki/Mance_Rayder
21,/wiki/Roose_Bolton
21,/wiki/Barristan_Selmy
21,/wiki/Loras_Tyrell
21,/wiki/Qyburn
21,/wiki/Tormund_Giantsbane
21,/wiki/Ros
21,/wiki/Rickard_Karstark
21,/wiki/Salladhor_Saan
21,/wiki/Grenn
21,/wiki/Eddison_Tollett
21,/wiki/Podrick_Payne
21,/wiki/Kraznys_mo_Nakloz
21,/wiki/Missandei
21,/wiki/Rast
21,/wiki/Lord_of_Bones
21,/wiki/Meryn_Trant
21,/wiki/Giant_(Valar_Dohaeris)
21,/wiki/Mirelle
21,/wiki/Boat_commander
21,/wiki/Margaery%27s_handmaiden
21,/wiki/Orphan_kid
21,/wiki/Unidentified_Warlock
21,/wiki/Unsullied_1_(Valar_Dohaeris)
22,/wiki/Tyrion_Lannister
22,/wiki/Jaime_Lannister
22,/wiki/Cersei_Lannister
22,/wiki/Jon_Snow
22,/wiki/Robb_Stark
22,/wiki/Catelyn_Stark
22,/wiki/Margaery_Tyrell
22,/wiki/Bran_Stark
22,/wiki/Joffrey_Baratheon
22,/wiki/Sansa_Stark
22,/wiki/Arya_Stark
22,/wiki/Theon_Greyjoy
22,/wiki/Talisa_Stark
22,/wiki/Gendry
22,/wiki/Ygritte
22,/wiki/Samwell_Tarly
22,/wiki/Jeor_Mormont
22,/wiki/Shae
22,/wiki/Sandor_Clegane
22,/wiki/Olenna_Tyrell
22,/wiki/Mance_Rayder
22,/wiki/Orell
22,/wiki/Thoros
22,/wiki/Brienne_of_Tarth
22,/wiki/Locke
22,/wiki/Osha
22,/wiki/Roose_Bolton
22,/wiki/Ramsay_Snow
22,/wiki/Tormund_Giantsbane
22,/wiki/Loras_Tyrell
22,/wiki/Jojen_Reed
22,/wiki/Meera_Reed
22,/wiki/Hot_Pie
22,/wiki/Rickard_Karstark
22,/wiki/Anguy
22,/wiki/Grenn
22,/wiki/Eddison_Tollett
22,/wiki/Rast
22,/wiki/Hodor
22,/wiki/Rickon_Stark
22,/wiki/Master_Torturer
22,/wiki/Riverrun_traveller
22,/wiki/King%27s_Landing_tailor
22,/wiki/Tyrell_server
22,/wiki/Brotherhood_member
22,/wiki/Eddard_Stark
23,/wiki/Tyrion_Lannister
23,/wiki/Jaime_Lannister
23,/wiki/Cersei_Lannister
23,/wiki/Daenerys_Targaryen
23,/wiki/Jon_Snow
23,/wiki/Robb_Stark
23,/wiki/Jorah_Mormont
23,/wiki/Catelyn_Stark
23,/wiki/Petyr_Baelish
23,/wiki/Tywin_Lannister
23,/wiki/Stannis_Baratheon
23,/wiki/Melisandre
23,/wiki/Theon_Greyjoy
23,/wiki/Samwell_Tarly
23,/wiki/Arya_Stark
23,/wiki/Talisa_Stark
23,/wiki/Gendry
23,/wiki/Ygritte
23,/wiki/Jeor_Mormont
23,/wiki/Varys
23,/wiki/Bronn
23,/wiki/Sandor_Clegane
23,/wiki/Mance_Rayder
23,/wiki/Craster
23,/wiki/Barristan_Selmy
23,/wiki/Brienne_of_Tarth
23,/wiki/Orell
23,/wiki/Thoros
23,/wiki/Brynden_Tully
23,/wiki/Edmure_Tully
23,/wiki/Tormund_Giantsbane
23,/wiki/Ramsay_Snow
23,/wiki/Locke
23,/wiki/Grenn
23,/wiki/Eddison_Tollett
23,/wiki/Rast
23,/wiki/Karl_Tanner
23,/wiki/Gilly
23,/wiki/Hot_Pie
23,/wiki/Ros
23,/wiki/Podrick_Payne
23,/wiki/Anguy
23,/wiki/Kraznys_mo_Nakloz
23,/wiki/Missandei
23,/wiki/Master_Torturer
23,/wiki/Bolton_soldier_(Walk_of_Punishment)
23,/wiki/Craster%27s_wife
23,/wiki/Craster%27s_younger_wife
23,/wiki/Marei
23,/wiki/Genna
23,/wiki/Kayla
23,/wiki/Martyn_Lannister
23,/wiki/Willem_Lannister
23,/wiki/Othell_Yarwyck
23,/wiki/Hoster_Tully
23,/wiki/Brotherhood_Member
24,/wiki/Tyrion_Lannister
24,/wiki/Jaime_Lannister
24,/wiki/Cersei_Lannister
24,/wiki/Daenerys_Targaryen
24,/wiki/Jorah_Mormont
24,/wiki/Catelyn_Stark
24,/wiki/Tywin_Lannister
24,/wiki/Margaery_Tyrell
24,/wiki/Theon_Greyjoy
24,/wiki/Bran_Stark
24,/wiki/Sansa_Stark
24,/wiki/Arya_Stark
24,/wiki/Samwell_Tarly
24,/wiki/Gendry
24,/wiki/Joffrey_Baratheon
24,/wiki/Sandor_Clegane
24,/wiki/Varys
24,/wiki/Jeor_Mormont
24,/wiki/Olenna_Tyrell
24,/wiki/Craster
24,/wiki/Brienne_of_Tarth
24,/wiki/Barristan_Selmy
24,/wiki/Thoros
24,/wiki/Beric_Dondarrion
24,/wiki/Locke
24,/wiki/Ramsay_Snow
24,/wiki/Gilly
24,/wiki/Jojen_Reed
24,/wiki/Karl_Tanner
24,/wiki/Grenn
24,/wiki/Eddison_Tollett
24,/wiki/Rast
24,/wiki/Kraznys_mo_Nakloz
24,/wiki/Missandei
24,/wiki/Ros
24,/wiki/Anguy
24,/wiki/Greizhen_mo_Ullhor
24,/wiki/Sorcerer
24,/wiki/Steelshanks
24,/wiki/Night%27s_Watch_Officer_2
24,/wiki/Brotherhood_Member
25,/wiki/Tyrion_Lannister
25,/wiki/Jaime_Lannister
25,/wiki/Cersei_Lannister
25,/wiki/Daenerys_Targaryen
25,/wiki/Jon_Snow
25,/wiki/Robb_Stark
25,/wiki/Jorah_Mormont
25,/wiki/Catelyn_Stark
25,/wiki/Petyr_Baelish
25,/wiki/Tywin_Lannister
25,/wiki/Davos_Seaworth
25,/wiki/Stannis_Baratheon
25,/wiki/Margaery_Tyrell
25,/wiki/Talisa_Stark
25,/wiki/Sansa_Stark
25,/wiki/Arya_Stark
25,/wiki/Gendry
25,/wiki/Ygritte
25,/wiki/Sandor_Clegane
25,/wiki/Olenna_Tyrell
25,/wiki/Brienne_of_Tarth
25,/wiki/Barristan_Selmy
25,/wiki/Roose_Bolton
25,/wiki/Thoros
25,/wiki/Beric_Dondarrion
25,/wiki/Orell
25,/wiki/Qyburn
25,/wiki/Brynden_Tully
25,/wiki/Edmure_Tully
25,/wiki/Tormund_Giantsbane
25,/wiki/Locke
25,/wiki/Loras_Tyrell
25,/wiki/Rickard_Karstark
25,/wiki/Selyse_Baratheon
25,/wiki/Shireen_Baratheon
25,/wiki/Missandei
25,/wiki/Grey_Worm
25,/wiki/Anguy
25,/wiki/Podrick_Payne
25,/wiki/Olyvar
25,/wiki/Martyn_Lannister
25,/wiki/Willem_Lannister
25,/wiki/Karstark_lookout
25,/wiki/Steelshanks
25,/wiki/Night%27s_Watch_Officer_2
25,/wiki/Brotherhood_Member
26,/wiki/Tyrion_Lannister
26,/wiki/Jaime_Lannister
26,/wiki/Cersei_Lannister
26,/wiki/Jon_Snow
26,/wiki/Robb_Stark
26,/wiki/Catelyn_Stark
26,/wiki/Petyr_Baelish
26,/wiki/Tywin_Lannister
26,/wiki/Melisandre
26,/wiki/Theon_Greyjoy
26,/wiki/Bran_Stark
26,/wiki/Sansa_Stark
26,/wiki/Arya_Stark
26,/wiki/Samwell_Tarly
26,/wiki/Gendry
26,/wiki/Joffrey_Baratheon
26,/wiki/Ygritte
26,/wiki/Varys
26,/wiki/Shae
26,/wiki/Olenna_Tyrell
26,/wiki/Brienne_of_Tarth
26,/wiki/Roose_Bolton
26,/wiki/Thoros_of_Myr
26,/wiki/Beric_Dondarrion
26,/wiki/Orell
26,/wiki/Osha
26,/wiki/Brynden_Tully
26,/wiki/Edmure_Tully
26,/wiki/Tormund
26,/wiki/Ramsay_Snow
26,/wiki/Gilly
26,/wiki/Loras_Tyrell
26,/wiki/Jojen_Reed
26,/wiki/Meera_Reed
26,/wiki/Ros
26,/wiki/Anguy
26,/wiki/Hodor
26,/wiki/Lothar_Frey
26,/wiki/Black_Walder_Rivers
26,/wiki/Unidentified_handmaiden
26,/wiki/Rickon_Stark
26,/wiki/Steelshanks
26,/wiki/Brotherhood_Member
27,/wiki/Tyrion_Lannister
27,/wiki/Jaime_Lannister
27,/wiki/Daenerys_Targaryen
27,/wiki/Jon_Snow
27,/wiki/Robb_Stark
27,/wiki/Jorah_Mormont
27,/wiki/Catelyn_Stark
27,/wiki/Tywin_Lannister
27,/wiki/Margaery_Tyrell
27,/wiki/Melisandre
27,/wiki/Bran_Stark
27,/wiki/Sansa_Stark
27,/wiki/Arya_Stark
27,/wiki/Theon_Greyjoy
27,/wiki/Talisa_Stark
27,/wiki/Joffrey_Baratheon
27,/wiki/Gendry
27,/wiki/Shae
27,/wiki/Ygritte
27,/wiki/Bronn
27,/wiki/Sandor_Clegane
27,/wiki/Orell
27,/wiki/Brienne_of_Tarth
27,/wiki/Beric_Dondarrion
27,/wiki/Thoros_of_Myr
27,/wiki/Locke
27,/wiki/Osha
27,/wiki/Qyburn
27,/wiki/Roose_Bolton
27,/wiki/Brynden_Tully
27,/wiki/Edmure_Tully
27,/wiki/Barristan_Selmy
27,/wiki/Ramsay_Snow
27,/wiki/Tormund_Giantsbane
27,/wiki/Jojen_Reed
27,/wiki/Meera_Reed
27,/wiki/Missandei
27,/wiki/Grey_Worm
27,/wiki/Hodor
27,/wiki/Anguy
27,/wiki/Razdal_mo_Eraz
27,/wiki/Steelshanks
27,/wiki/Myranda
27,/wiki/Violet
27,/wiki/Rickon_Stark
28,/wiki/Tyrion_Lannister
28,/wiki/Cersei_Lannister
28,/wiki/Daenerys_Targaryen
28,/wiki/Jorah_Mormont
28,/wiki/Tywin_Lannister
28,/wiki/Davos_Seaworth
28,/wiki/Stannis_Baratheon
28,/wiki/Melisandre
28,/wiki/Margaery_Tyrell
28,/wiki/Joffrey_Baratheon
28,/wiki/Sansa_Stark
28,/wiki/Arya_Stark
28,/wiki/Samwell_Tarly
28,/wiki/Gendry
28,/wiki/Shae
28,/wiki/Sandor_Clegane
28,/wiki/Varys
28,/wiki/Bronn
28,/wiki/Olenna_Tyrell
28,/wiki/Pycelle
28,/wiki/Barristan_Selmy
28,/wiki/Gilly
28,/wiki/Loras_Tyrell
28,/wiki/Daario_Naharis
28,/wiki/Grey_Worm
28,/wiki/Missandei
28,/wiki/Mero
28,/wiki/Prendahl_na_Ghezn
28,/wiki/Podrick_Payne
28,/wiki/Meryn_Trant
28,/wiki/High_Septon_(After_the_riot_of_King%27s_Landing)
28,/wiki/Yunkai%27i_whore
28,/wiki/White_Walker_(Valar_Morghulis)
29,/wiki/Daenerys_Targaryen
29,/wiki/Jon_Snow
29,/wiki/Robb_Stark
29,/wiki/Jorah_Mormont
29,/wiki/Catelyn_Stark
29,/wiki/Samwell_Tarly
29,/wiki/Bran_Stark
29,/wiki/Arya_Stark
29,/wiki/Talisa_Stark
29,/wiki/Ygritte
29,/wiki/Sandor_Clegane
29,/wiki/Walder_Frey
29,/wiki/Orell
29,/wiki/Roose_Bolton
29,/wiki/Barristan_Selmy
29,/wiki/Brynden_Tully
29,/wiki/Edmure_Tully
29,/wiki/Tormund_Giantsbane
29,/wiki/Osha
29,/wiki/Jojen_Reed
29,/wiki/Meera_Reed
29,/wiki/Gilly
29,/wiki/Daario_Naharis
29,/wiki/Grey_Worm
29,/wiki/Missandei
29,/wiki/Hodor
29,/wiki/Lothar_Frey
29,/wiki/Black_Walder_Rivers
29,/wiki/Septon_(The_Rains_of_Castamere)
29,/wiki/Rickon_Stark
29,/wiki/Roslin_Frey
29,/wiki/Old_man
29,/wiki/Frey_guard
29,/wiki/Hog_farmer
29,/wiki/Joyeuse_Erenford
29,/wiki/Wendel_Manderly
29,/wiki/Drummer
29,/wiki/Marianne_Frey
30,/wiki/Tyrion_Lannister
30,/wiki/Jaime_Lannister
30,/wiki/Cersei_Lannister
30,/wiki/Daenerys_Targaryen
30,/wiki/Jon_Snow
30,/wiki/Jorah_Mormont
30,/wiki/Tywin_Lannister
30,/wiki/Davos_Seaworth
30,/wiki/Stannis_Baratheon
30,/wiki/Melisandre
30,/wiki/Bran_Stark
30,/wiki/Sansa_Stark
30,/wiki/Arya_Stark
30,/wiki/Theon_Greyjoy
30,/wiki/Joffrey_Baratheon
30,/wiki/Ygritte
30,/wiki/Samwell_Tarly
30,/wiki/Gendry
30,/wiki/Sandor_Clegane
30,/wiki/Varys
30,/wiki/Shae
30,/wiki/Walder_Frey
30,/wiki/Balon_Greyjoy
30,/wiki/Roose_Bolton
30,/wiki/Aemon
30,/wiki/Pycelle
30,/wiki/Brienne_of_Tarth
30,/wiki/Ramsay_Snow
30,/wiki/Barristan_Selmy
30,/wiki/Qyburn
30,/wiki/Gilly
30,/wiki/Jojen_Reed
30,/wiki/Meera_Reed
30,/wiki/Yara_Greyjoy
30,/wiki/Podrick_Payne
30,/wiki/Daario_Naharis
30,/wiki/Hodor
30,/wiki/Missandei
30,/wiki/Grey_Worm
30,/wiki/Pypar
30,/wiki/Shireen_Baratheon
30,/wiki/Frey_soldier_1
30,/wiki/Frey_soldier_2
30,/wiki/Fruit_vendor
30,/wiki/Night%27s_Watchman_(Mhysa)
30,/wiki/Desmond_Crakehall
30,/wiki/Yunkai%27i_slave_1
30,/wiki/Yunkai%27i_slave_2
30,/wiki/Yunkai%27i_slave_3
30,/wiki/Yunkai%27i_slave_4
30,/wiki/Yunkai%27i_slave_5
31,/wiki/Tyrion_Lannister
31,/wiki/Jaime_Lannister
31,/wiki/Cersei_Lannister
31,/wiki/Daenerys_Targaryen
31,/wiki/Jon_Snow
31,/wiki/Tywin_Lannister
31,/wiki/Margaery_Tyrell
31,/wiki/Joffrey_Baratheon
31,/wiki/Sansa_Stark
31,/wiki/Arya_Stark
31,/wiki/Samwell_Tarly
31,/wiki/Ygritte
31,/wiki/Tormund_Giantsbane
31,/wiki/Sandor_Clegane
31,/wiki/Brienne_of_Tarth
31,/wiki/Bronn
31,/wiki/Shae
31,/wiki/Jorah_Mormont
31,/wiki/Olenna_Tyrell
31,/wiki/Oberyn_Martell
31,/wiki/Ellaria_Sand
31,/wiki/Daario_Naharis
31,/wiki/Barristan_Selmy
31,/wiki/Aemon
31,/wiki/Alliser_Thorne
31,/wiki/Qyburn
31,/wiki/Grey_Worm
31,/wiki/Missandei
31,/wiki/Janos_Slynt
31,/wiki/Podrick_Payne
31,/wiki/Meryn_Trant
31,/wiki/Dontos_Hollard
31,/wiki/Olyvar
31,/wiki/Polliver
31,/wiki/Morgan_(Two_Swords)
31,/wiki/Morgan%27s_friend
31,/wiki/Thenn_warg
31,/wiki/Innkeeper
31,/wiki/Blackmont_(Lord)
31,/wiki/Othell_Yarwyck
31,/wiki/Endrew_Tarth
31,/wiki/Unidentified_handmaiden
31,/wiki/Marei
31,/wiki/Valyrian_sword_smith
31,/wiki/Innkeeper%27s_daughter
31,/wiki/Whore_2_(Two_Swords)?action=edit&redlink=1
32,/wiki/Tyrion_Lannister
32,/wiki/Jaime_Lannister
32,/wiki/Cersei_Lannister
32,/wiki/Tywin_Lannister
32,/wiki/Margaery_Tyrell
32,/wiki/Davos_Seaworth
32,/wiki/Stannis_Baratheon
32,/wiki/Melisandre
32,/wiki/Theon_Greyjoy
32,/wiki/Joffrey_Baratheon
32,/wiki/Bran_Stark
32,/wiki/Sansa_Stark
32,/wiki/Brienne_of_Tarth
32,/wiki/Shae
32,/wiki/Ramsay_Bolton
32,/wiki/Varys
32,/wiki/Bronn
32,/wiki/Olenna_Tyrell
32,/wiki/Oberyn_Martell
32,/wiki/Ellaria_Sand
32,/wiki/Roose_Bolton
32,/wiki/Locke
32,/wiki/Selyse_Baratheon
32,/wiki/Mace_Tyrell
32,/wiki/Loras_Tyrell
32,/wiki/Jojen_Reed
32,/wiki/Meera_Reed
32,/wiki/Hodor
32,/wiki/Tommen_Baratheon
32,/wiki/Podrick_Payne
32,/wiki/Meryn_Trant
32,/wiki/Dontos_Hollard
32,/wiki/Shireen_Baratheon
32,/wiki/Myranda
32,/wiki/Tansy
32,/wiki/High_Septon_(After_the_Riot_of_King%E2%80%99s_Landing)
32,/wiki/Walda_Bolton
32,/wiki/Axell_Florent
32,/wiki/Kayla
32,/wiki/Musician_1_(The_Lion_and_the_Rose)
32,/wiki/Musician_2_(The_Lion_and_the_Rose)
32,/wiki/Musician_3_(The_Lion_and_the_Rose)
32,/wiki/Dwarf_1
32,/wiki/Dwarf_2
32,/wiki/Dwarf_3
32,/wiki/Dwarf_4
32,/wiki/Dwarf_5
32,/wiki/Three-eyed_raven
32,/wiki/Eddard_Stark
33,/wiki/Tyrion_Lannister
33,/wiki/Jaime_Lannister
33,/wiki/Cersei_Lannister
33,/wiki/Daenerys_Targaryen
33,/wiki/Jon_Snow
33,/wiki/Petyr_Baelish
33,/wiki/Tywin_Lannister
33,/wiki/Margaery_Tyrell
33,/wiki/Davos_Seaworth
33,/wiki/Stannis_Baratheon
33,/wiki/Joffrey_Baratheon
33,/wiki/Sansa_Stark
33,/wiki/Arya_Stark
33,/wiki/Sandor_Clegane
33,/wiki/Samwell_Tarly
33,/wiki/Ygritte
33,/wiki/Tormund_Giantsbane
33,/wiki/Gilly
33,/wiki/Brienne_of_Tarth
33,/wiki/Varys
33,/wiki/Jorah_Mormont
33,/wiki/Olenna_Tyrell
33,/wiki/Oberyn_Martell
33,/wiki/Ellaria_Sand
33,/wiki/Daario_Naharis
33,/wiki/Aemon
33,/wiki/Barristan_Selmy
33,/wiki/Alliser_Thorne
33,/wiki/Janos_Slynt
33,/wiki/Grey_Worm
33,/wiki/Missandei
33,/wiki/Grenn
33,/wiki/Eddison_Tollett
33,/wiki/Podrick_Payne
33,/wiki/Dontos_Hollard
33,/wiki/Olyvar
33,/wiki/Tommen_Baratheon
33,/wiki/Pypar
33,/wiki/Meryn_Trant
33,/wiki/Hizdahr_zo_Loraq
33,/wiki/Farmer_Hamlet
33,/wiki/Shireen_Baratheon
33,/wiki/Olly
33,/wiki/Guymon
33,/wiki/Olly%27s_mother
33,/wiki/Mole%27s_Town_whore
33,/wiki/Mole%27s_Town_madam
33,/wiki/Thenn_warg
33,/wiki/Othell_Yarwyck
33,/wiki/High_Septon_(After_the_Riot_of_King%E2%80%99s_Landing)
33,/wiki/Night%27s_Watch_man_(Breaker_of_Chains)
33,/wiki/Great_Master_1
33,/wiki/Sally
33,/wiki/Marei
33,/wiki/Whore_(Breaker_of_Chains)
33,/wiki/Great_Master_2
33,/wiki/Slave_(Breaker_of_Chains)
33,/wiki/Hizdahr_zo_Loraq%27s_manservant
33,/wiki/Oznak_zo_Pahl
34,/wiki/Tyrion_Lannister
34,/wiki/Jaime_Lannister
34,/wiki/Cersei_Lannister
34,/wiki/Daenerys_Targaryen
34,/wiki/Jon_Snow
34,/wiki/Petyr_Baelish
34,/wiki/Margaery_Tyrell
34,/wiki/Samwell_Tarly
34,/wiki/Bran_Stark
34,/wiki/Sansa_Stark
34,/wiki/Brienne_of_Tarth
34,/wiki/Bronn
34,/wiki/Jorah_Mormont
34,/wiki/Olenna_Tyrell
34,/wiki/Daario_Naharis
34,/wiki/Barristan_Selmy
34,/wiki/Alliser_Thorne
34,/wiki/Karl_Tanner
34,/wiki/Locke
34,/wiki/Janos_Slynt
34,/wiki/Missandei
34,/wiki/Grey_Worm
34,/wiki/Jojen_Reed
34,/wiki/Meera_Reed
34,/wiki/Hodor
34,/wiki/Grenn
34,/wiki/Eddison_Tollett
34,/wiki/Rast
34,/wiki/Tommen_Baratheon
34,/wiki/Podrick_Payne
34,/wiki/Pypar
34,/wiki/Olly
34,/wiki/Great_Master_1
34,/wiki/Slave_(Oathkeeper)
34,/wiki/Elder_slave
34,/wiki/White_Walker_(Oathkeeper)
34,/wiki/The_Night_King
34,/wiki/Morag
34,/wiki/Valyrian_slave
34,/wiki/Unsullied_1_(Oathkeeper)
34,/wiki/Sissy
34,/wiki/Craster%27s_wife_2_(Oathkeeper)
34,/wiki/Craster%27s_wife_3_(Oathkeeper)
35,/wiki/Jaime_Lannister
35,/wiki/Cersei_Lannister
35,/wiki/Daenerys_Targaryen
35,/wiki/Jon_Snow
35,/wiki/Petyr_Baelish
35,/wiki/Tywin_Lannister
35,/wiki/Margaery_Tyrell
35,/wiki/Bran_Stark
35,/wiki/Sansa_Stark
35,/wiki/Arya_Stark
35,/wiki/Sandor_Clegane
35,/wiki/Brienne_of_Tarth
35,/wiki/Varys
35,/wiki/Jorah_Mormont
35,/wiki/Oberyn_Martell
35,/wiki/Daario_Naharis
35,/wiki/Karl_Tanner
35,/wiki/Lysa_Arryn
35,/wiki/Barristan_Selmy
35,/wiki/Locke
35,/wiki/Mace_Tyrell
35,/wiki/Jojen_Reed
35,/wiki/Meera_Reed
35,/wiki/Missandei
35,/wiki/Grey_Worm
35,/wiki/Tommen_Baratheon
35,/wiki/Podrick_Payne
35,/wiki/Loras_Tyrell
35,/wiki/Hodor
35,/wiki/Grenn
35,/wiki/Eddison_Tollett
35,/wiki/Rast
35,/wiki/Morag
35,/wiki/Robin_Arryn
35,/wiki/High_Septon_(After_the_Riot_of_King%E2%80%99s_Landing)
35,/wiki/Sissy
35,/wiki/Donnel_Waynwood
36,/wiki/Tyrion_Lannister
36,/wiki/Jaime_Lannister
36,/wiki/Cersei_Lannister
36,/wiki/Daenerys_Targaryen
36,/wiki/Tywin_Lannister
36,/wiki/Margaery_Tyrell
36,/wiki/Davos_Seaworth
36,/wiki/Stannis_Baratheon
36,/wiki/Reek
36,/wiki/Ramsay_Bolton
36,/wiki/Varys
36,/wiki/Shae
36,/wiki/Jorah_Mormont
36,/wiki/Oberyn_Martell
36,/wiki/Barristan_Selmy
36,/wiki/Tycho_Nestoris
36,/wiki/Mace_Tyrell
36,/wiki/Salladhor_Saan
36,/wiki/Missandei
36,/wiki/Grey_Worm
36,/wiki/Yara_Greyjoy
36,/wiki/Loras_Tyrell
36,/wiki/Tommen_Baratheon
36,/wiki/Meryn_Trant
36,/wiki/Hizdahr_zo_Loraq
36,/wiki/Myranda
36,/wiki/Goatherd_(The_Laws_of_Gods_and_Men)
36,/wiki/First_Mate
36,/wiki/Lhara
36,/wiki/Bathhouse_prostitute
36,/wiki/Ironborn_in_skiff
36,/wiki/Bolton_guard_(The_Laws_of_Gods_and_Men)
36,/wiki/Hizdahr_zo_Loraq%27s_manservant
36,/wiki/Goatherd%27s_son
37,/wiki/Tyrion_Lannister
37,/wiki/Jaime_Lannister
37,/wiki/Cersei_Lannister
37,/wiki/Daenerys_Targaryen
37,/wiki/Jon_Snow
37,/wiki/Petyr_Baelish
37,/wiki/Melisandre
37,/wiki/Samwell_Tarly
37,/wiki/Sansa_Stark
37,/wiki/Arya_Stark
37,/wiki/Sandor_Clegane
37,/wiki/Brienne_of_Tarth
37,/wiki/Bronn
37,/wiki/Jorah_Mormont
37,/wiki/Oberyn_Martell
37,/wiki/Daario_Naharis
37,/wiki/Alliser_Thorne
37,/wiki/Selyse_Baratheon
37,/wiki/Lysa_Arryn
37,/wiki/Janos_Slynt
37,/wiki/Dying_man
37,/wiki/Grenn
37,/wiki/Eddison_Tollett
37,/wiki/Pypar
37,/wiki/Podrick_Payne
37,/wiki/Robin_Arryn
37,/wiki/Olly
37,/wiki/Rorge
37,/wiki/Hot_Pie
37,/wiki/Gregor_Clegane
37,/wiki/Othell_Yarwyck
37,/wiki/Biter
38,/wiki/Tyrion_Lannister
38,/wiki/Jaime_Lannister
38,/wiki/Cersei_Lannister
38,/wiki/Daenerys_Targaryen
38,/wiki/Jon_Snow
38,/wiki/Petyr_Baelish
38,/wiki/Tywin_Lannister
38,/wiki/Reek
38,/wiki/Samwell_Tarly
38,/wiki/Sansa_Stark
38,/wiki/Arya_Stark
38,/wiki/Ygritte
38,/wiki/Tormund
38,/wiki/Gilly
38,/wiki/Ramsay_Bolton
38,/wiki/Varys
38,/wiki/Sandor_Clegane
38,/wiki/Jorah_Mormont
38,/wiki/Oberyn_Martell
38,/wiki/Ellaria_Sand
38,/wiki/Roose_Bolton
38,/wiki/Barristan_Selmy
38,/wiki/Mace_Tyrell
38,/wiki/Styr
38,/wiki/Grey_Worm
38,/wiki/Missandei
38,/wiki/Grenn
38,/wiki/Eddison_Tollett
38,/wiki/Pypar
38,/wiki/Anya_Waynwood
38,/wiki/Yohn_Royce
38,/wiki/Gregor_Clegane
38,/wiki/Ralf_Kenning
38,/wiki/Robin_Arryn
38,/wiki/Mole%27s_Town_whore
38,/wiki/Adrack_Humble
38,/wiki/Donnel_Waynwood
38,/wiki/Vance_Corbray
38,/wiki/Mole%27s_Town_madam
38,/wiki/Kegs
38,/wiki/Jack_Bulwer
38,/wiki/Mully
38,/wiki/Little_Bird_(The_Mountain_and_the_Viper)
39,/wiki/Jon_Snow
39,/wiki/Samwell_Tarly
39,/wiki/Gilly
39,/wiki/Ygritte
39,/wiki/Tormund
39,/wiki/Aemon
39,/wiki/Alliser_Thorne
39,/wiki/Janos_Slynt
39,/wiki/Grenn
39,/wiki/Eddison_Tollett
39,/wiki/Styr
39,/wiki/Pypar
39,/wiki/Olly
39,/wiki/Thenn_Warg
39,/wiki/Dongo
39,/wiki/Mag_Mar_Tun_Doh_Weg
39,/wiki/Cooper
39,/wiki/Night%27s_Watch_Archer
39,/wiki/Donnel_Hill
40,/wiki/Tyrion_Lannister
40,/wiki/Jaime_Lannister
40,/wiki/Cersei_Lannister
40,/wiki/Daenerys_Targaryen
40,/wiki/Jon_Snow
40,/wiki/Tywin_Lannister
40,/wiki/Davos_Seaworth
40,/wiki/Stannis_Baratheon
40,/wiki/Melisandre
40,/wiki/Samwell_Tarly
40,/wiki/Bran_Stark
40,/wiki/Arya_Stark
40,/wiki/Sandor_Clegane
40,/wiki/Ygritte
40,/wiki/Tormund_Giantsbane
40,/wiki/Brienne_of_Tarth
40,/wiki/Varys
40,/wiki/Shae
40,/wiki/Mance_Rayder
40,/wiki/Aemon
40,/wiki/Pycelle
40,/wiki/Qyburn
40,/wiki/Barristan_Selmy
40,/wiki/Three-eyed_raven
40,/wiki/Jojen_Reed
40,/wiki/Meera_Reed
40,/wiki/Hodor
40,/wiki/Selyse_Baratheon
40,/wiki/Janos_Slynt
40,/wiki/Grey_Worm
40,/wiki/Missandei
40,/wiki/Grenn
40,/wiki/Eddison_Tollett
40,/wiki/Pypar
40,/wiki/Podrick_Payne
40,/wiki/Fennesz
40,/wiki/Olly
40,/wiki/Shireen_Baratheon
40,/wiki/Leaf
40,/wiki/Gregor_Clegane
40,/wiki/Goatherd_(The_Children)
40,/wiki/Giant_(The_Watchers_on_the_Wall)
40,/wiki/Ternesio_Terys
40,/wiki/Child_of_the_Forest_2_(The_Children)
41,/wiki/Tyrion_Lannister
41,/wiki/Jaime_Lannister
41,/wiki/Cersei_Lannister
41,/wiki/Daenerys_Targaryen
41,/wiki/Jon_Snow
41,/wiki/Petyr_Baelish
41,/wiki/Tywin_Lannister
41,/wiki/Margaery_Tyrell
41,/wiki/Stannis_Baratheon
41,/wiki/Davos_Seaworth
41,/wiki/Melisandre
41,/wiki/Samwell_Tarly
41,/wiki/Sansa_Stark
41,/wiki/Tormund
41,/wiki/Gilly
41,/wiki/Varys
41,/wiki/Brienne_of_Tarth
41,/wiki/Daario_Naharis
41,/wiki/Missandei
41,/wiki/Tommen_Baratheon
41,/wiki/Mance_Rayder
41,/wiki/Alliser_Thorne
41,/wiki/Barristan_Selmy
41,/wiki/Pycelle
41,/wiki/Selyse_Baratheon
41,/wiki/Mace_Tyrell
41,/wiki/Grey_Worm
41,/wiki/Loras_Tyrell
41,/wiki/Podrick_Payne
41,/wiki/Maggy
41,/wiki/Janos_Slynt
41,/wiki/Hizdahr_zo_Loraq
41,/wiki/Eddison_Tollett
41,/wiki/Lancel_Lannister
41,/wiki/Olyvar
41,/wiki/Yohn_Royce
41,/wiki/Meryn_Trant
41,/wiki/Kevan_Lannister
41,/wiki/Olly
41,/wiki/Shireen_Baratheon
41,/wiki/High_Septon_(After_the_Riot_of_King%E2%80%99s_Landing)
41,/wiki/Mossador
41,/wiki/Bowen_Marsh
41,/wiki/Robin_Arryn
41,/wiki/Cersei_Lannister
41,/wiki/Melara_Hetherspoon
41,/wiki/White_Rat
41,/wiki/Sam_Stone
41,/wiki/Vala
41,/wiki/Sparring_boy
41,/wiki/Helliweg
42,/wiki/Tyrion_Lannister
42,/wiki/Jaime_Lannister
42,/wiki/Cersei_Lannister
42,/wiki/Daenerys_Targaryen
42,/wiki/Jon_Snow
42,/wiki/Petyr_Baelish
42,/wiki/Stannis_Baratheon
42,/wiki/Davos_Seaworth
42,/wiki/Ellaria_Sand
42,/wiki/Arya_Stark
42,/wiki/Sansa_Stark
42,/wiki/Varys
42,/wiki/Bronn
42,/wiki/Samwell_Tarly
42,/wiki/Gilly
42,/wiki/Brienne_of_Tarth
42,/wiki/Missandei
42,/wiki/Daario_Naharis
42,/wiki/Jaqen_H%27ghar
42,/wiki/Aemon
42,/wiki/Barristan_Selmy
42,/wiki/Pycelle
42,/wiki/Qyburn
42,/wiki/Selyse_Baratheon
42,/wiki/Alliser_Thorne
42,/wiki/Doran_Martell
42,/wiki/Grey_Worm
42,/wiki/Eddison_Tollett
42,/wiki/Janos_Slynt
42,/wiki/Podrick_Payne
42,/wiki/Mace_Tyrell
42,/wiki/Hizdahr_zo_Loraq
42,/wiki/Areo_Hotah
42,/wiki/Kevan_Lannister
42,/wiki/Meryn_Trant
42,/wiki/Mossador
42,/wiki/Shireen_Baratheon
42,/wiki/Olly
42,/wiki/Myrcella_Baratheon
42,/wiki/Trystane_Martell
42,/wiki/Lollys_Stokeworth
42,/wiki/Jaqen_H%27ghar
42,/wiki/Othell_Yarwyck
42,/wiki/Ternesio_Terys
42,/wiki/Denys_Mallister
42,/wiki/Bowen_Marsh
42,/wiki/Street_tough
42,/wiki/Mallister_supporter
42,/wiki/Eyrie_Guard
42,/wiki/Street_tough_2
42,/wiki/Inn_waitress
42,/wiki/Son_of_the_Harpy
42,/wiki/Dwarf_hunter_1
42,/wiki/Dwarf_hunter_2
43,/wiki/Tyrion_Lannister
43,/wiki/Cersei_Lannister
43,/wiki/Jon_Snow
43,/wiki/Petyr_Baelish
43,/wiki/Margaery_Tyrell
43,/wiki/Stannis_Baratheon
43,/wiki/Davos_Seaworth
43,/wiki/Varys
43,/wiki/Reek
43,/wiki/Sansa_Stark
43,/wiki/Arya_Stark
43,/wiki/Samwell_Tarly
43,/wiki/Brienne_of_Tarth
43,/wiki/Tommen_Baratheon
43,/wiki/Jaqen_H%27ghar
43,/wiki/Roose_Bolton
43,/wiki/Ramsay_Bolton
43,/wiki/Jorah_Mormont
43,/wiki/High_Sparrow
43,/wiki/Pycelle
43,/wiki/Qyburn
43,/wiki/Alliser_Thorne
43,/wiki/Mace_Tyrell
43,/wiki/Eddison_Tollett
43,/wiki/The_Waif
43,/wiki/Podrick_Payne
43,/wiki/Janos_Slynt
43,/wiki/Meryn_Trant
43,/wiki/Lancel_Lannister
43,/wiki/Olly
43,/wiki/Olyvar
43,/wiki/Loras_Tyrell
43,/wiki/Myranda
43,/wiki/Red_Priestess_(High_Sparrow)
43,/wiki/Walda_Bolton
43,/wiki/High_Septon_(After_the_Riot_of_King%E2%80%99s_Landing)
43,/wiki/Othell_Yarwyck
43,/wiki/Bowen_Marsh
43,/wiki/Old_woman
43,/wiki/Brothel_guard
43,/wiki/Despondent_man
43,/wiki/Sellsword_(High_Sparrow)
43,/wiki/Sellsword_2_(High_Sparrow)
43,/wiki/Clea
43,/wiki/Beggar_woman
43,/wiki/Whore_(The_Warrior)
43,/wiki/Whore_(The_Smith)
43,/wiki/Whore_(The_Mother)
43,/wiki/Whore_(The_Maiden)
43,/wiki/Whore_(The_Crone)
44,/wiki/Tyrion_Lannister
44,/wiki/Jaime_Lannister
44,/wiki/Cersei_Lannister
44,/wiki/Daenerys_Targaryen
44,/wiki/Jon_Snow
44,/wiki/Petyr_Baelish
44,/wiki/Margaery_Tyrell
44,/wiki/Stannis_Baratheon
44,/wiki/Melisandre
44,/wiki/Ellaria_Sand
44,/wiki/Samwell_Tarly
44,/wiki/Sansa_Stark
44,/wiki/Bronn
44,/wiki/Daario_Naharis
44,/wiki/Missandei
44,/wiki/Tommen_Baratheon
44,/wiki/Jorah_Mormont
44,/wiki/High_Sparrow
44,/wiki/Barristan_Selmy
44,/wiki/Pycelle
44,/wiki/Qyburn
44,/wiki/Selyse_Baratheon
44,/wiki/Mace_Tyrell
44,/wiki/Grey_Worm
44,/wiki/Meryn_Trant
44,/wiki/Hizdahr_zo_Loraq
44,/wiki/Lancel_Lannister
44,/wiki/Eddison_Tollett
44,/wiki/Obara_Sand
44,/wiki/Tyene_Sand
44,/wiki/Nymeria_Sand
44,/wiki/Shireen_Baratheon
44,/wiki/Olly
44,/wiki/Loras_Tyrell
44,/wiki/Olyvar
44,/wiki/Merchant_captain
44,/wiki/Lead_Dornish_guard
44,/wiki/Marei
44,/wiki/Vala
44,/wiki/Faith_Militant_2
44,/wiki/Faith_Militant_1
44,/wiki/Second_Son
44,/wiki/Lead_Kingsguard
44,/wiki/Foreign_merchant
44,/wiki/Brothel_customer?action=edit&redlink=1
44,/wiki/Whore_(The_Stranger)
44,/wiki/Whore_(The_Warrior)
44,/wiki/Whore_(The_Smith)
44,/wiki/Whore_(The_Mother)
44,/wiki/Whore_(The_Maiden)
44,/wiki/Whore_(The_Crone)
45,/wiki/Tyrion_Lannister
45,/wiki/Daenerys_Targaryen
45,/wiki/Jon_Snow
45,/wiki/Stannis_Baratheon
45,/wiki/Davos_Seaworth
45,/wiki/Melisandre
45,/wiki/Reek
45,/wiki/Samwell_Tarly
45,/wiki/Sansa_Stark
45,/wiki/Gilly
45,/wiki/Daario_Naharis
45,/wiki/Missandei
45,/wiki/Brienne_of_Tarth
45,/wiki/Tormund_Giantsbane
45,/wiki/Roose_Bolton
45,/wiki/Ramsay_Bolton
45,/wiki/Jorah_Mormont
45,/wiki/Barristan_Selmy
45,/wiki/Aemon
45,/wiki/Selyse_Baratheon
45,/wiki/Alliser_Thorne
45,/wiki/Grey_Worm
45,/wiki/Hizdahr_zo_Loraq
45,/wiki/Eddison_Tollett
45,/wiki/Podrick_Payne
45,/wiki/Myranda
45,/wiki/Shireen_Baratheon
45,/wiki/Olly
45,/wiki/Walda_Bolton
45,/wiki/Othell_Yarwyck
45,/wiki/Bowen_Marsh
45,/wiki/Old_woman
45,/wiki/Great_Master_1_(Kill_the_Boy)
45,/wiki/Winter_town_man
45,/wiki/Great_Master_2_(Kill_the_Boy)
45,/wiki/Great_Master_3_(Kill_the_Boy)
45,/wiki/Great_Master_4
45,/wiki/Great_Master_5
45,/wiki/Great_Master_6
45,/wiki/Great_Master_7
46,/wiki/Tyrion_Lannister
46,/wiki/Jaime_Lannister
46,/wiki/Cersei_Lannister
46,/wiki/Petyr_Baelish
46,/wiki/Margaery_Tyrell
46,/wiki/Ellaria_Sand
46,/wiki/Sansa_Stark
46,/wiki/Arya_Stark
46,/wiki/Bronn
46,/wiki/Reek
46,/wiki/Roose_Bolton
46,/wiki/Ramsay_Bolton
46,/wiki/Jaqen_H%27ghar
46,/wiki/Tommen_Baratheon
46,/wiki/Jorah_Mormont
46,/wiki/Olenna_Tyrell
46,/wiki/High_Sparrow
46,/wiki/Doran_Martell
46,/wiki/Areo_Hotah
46,/wiki/Obara_Sand
46,/wiki/Tyene_Sand
46,/wiki/Nymeria_Sand
46,/wiki/Loras_Tyrell
46,/wiki/Olyvar
46,/wiki/Lancel
46,/wiki/The_Waif
46,/wiki/Malko
46,/wiki/Trystane_Martell
46,/wiki/Myrcella_Baratheon
46,/wiki/Myranda
46,/wiki/Walda_Bolton
46,"/wiki/Slaver_(Unbowed,_Unbent,_Unbroken)"
46,/wiki/Joss_(Season_5)
46,/wiki/Ghita
47,/wiki/Tyrion_Lannister
47,/wiki/Jaime_Lannister
47,/wiki/Cersei_Lannister
47,/wiki/Daenerys_Targaryen
47,/wiki/Jon_Snow
47,/wiki/Petyr_Baelish
47,/wiki/Margaery_Tyrell
47,/wiki/Stannis_Baratheon
47,/wiki/Davos_Seaworth
47,/wiki/Melisandre
47,/wiki/Samwell_Tarly
47,/wiki/Tormund_Giantsbane
47,/wiki/Gilly
47,/wiki/Tommen_Baratheon
47,/wiki/Reek
47,/wiki/Sansa_Stark
47,/wiki/Ramsay_Bolton
47,/wiki/Brienne_of_Tarth
47,/wiki/Bronn
47,/wiki/Daario_Naharis
47,/wiki/Jorah_Mormont
47,/wiki/Olenna_Tyrell
47,/wiki/High_Sparrow
47,/wiki/Aemon
47,/wiki/Alliser_Thorne
47,/wiki/Eddison_Tollett
47,/wiki/Areo_Hotah
47,/wiki/Yezzan_zo_Qaggaz
47,/wiki/Obara_Sand
47,/wiki/Tyene_Sand
47,/wiki/Nymeria_Sand
47,/wiki/Podrick_Payne
47,/wiki/Hizdahr_zo_Loraq
47,/wiki/Myrcella_Baratheon
47,/wiki/Olly
47,/wiki/Lancel
47,/wiki/Malko
47,/wiki/Unella
47,/wiki/Othell_Yarwyck
47,/wiki/Bowen_Marsh
47,/wiki/Derek
47,/wiki/Brant
47,/wiki/Tyrell_guard_(The_Gift)
48,/wiki/Tyrion_Lannister
48,/wiki/Cersei_Lannister
48,/wiki/Daenerys_Targaryen
48,/wiki/Jon_Snow
48,/wiki/Sansa_Stark
48,/wiki/Arya_Stark
48,/wiki/Samwell_Tarly
48,/wiki/Gilly
48,/wiki/Tormund_Giantsbane
48,/wiki/Reek
48,/wiki/Missandei
48,/wiki/Jaqen_H%27ghar
48,/wiki/Roose_Bolton
48,/wiki/Ramsay_Bolton
48,/wiki/Jorah_Mormont
48,/wiki/Qyburn
48,/wiki/Eddison_Tollett
48,/wiki/The_Waif
48,/wiki/Karsi
48,/wiki/Yezzan_zo_Qaggaz
48,/wiki/Loboda
48,/wiki/Unella
48,/wiki/Olly
48,/wiki/The_Night_King
48,/wiki/Wun_Wun
48,/wiki/Lord_of_Bones
48,/wiki/Dim_Dalba
48,/wiki/Todder
48,/wiki/Thin_man
48,/wiki/Lhara
48,/wiki/Braavosi_captain
48,/wiki/White_Walker_(Hardhome)
48,/wiki/Johnna
48,/wiki/Willa
49,/wiki/Tyrion_Lannister
49,/wiki/Jaime_Lannister
49,/wiki/Daenerys_Targaryen
49,/wiki/Jon_Snow
49,/wiki/Stannis_Baratheon
49,/wiki/Davos_Seaworth
49,/wiki/Melisandre
49,/wiki/Ellaria_Sand
49,/wiki/Arya_Stark
49,/wiki/Bronn
49,/wiki/Samwell_Tarly
49,/wiki/Tormund_Giantsbane
49,/wiki/Jaqen_H%27ghar
49,/wiki/Daario_Naharis
49,/wiki/Missandei
49,/wiki/Jorah_Mormont
49,/wiki/Alliser_Thorne
49,/wiki/Selyse_Baratheon
49,/wiki/Tycho_Nestoris
49,/wiki/Doran_Martell
49,/wiki/Areo_Hotah
49,/wiki/Hizdahr_zo_Loraq
49,/wiki/Meryn_Trant
49,/wiki/Mace_Tyrell
49,/wiki/Eddison_Tollett
49,/wiki/Obara_Sand
49,/wiki/Tyene_Sand
49,/wiki/Nymeria_Sand
49,/wiki/Myrcella_Baratheon
49,/wiki/Trystane_Martell
49,/wiki/Shireen_Baratheon
49,/wiki/Olly
49,/wiki/Wun_Weg_Wun_Dar_Wun
49,/wiki/Fighting_pit_announcer
49,/wiki/Thin_man
49,/wiki/Braavosi_Madam
49,/wiki/Young_Bravo
49,/wiki/Lhara
49,/wiki/Johnna%27s_sister
49,/wiki/Johnna
49,/wiki/Othell_Yarwyck
49,/wiki/Bowen_Marsh
49,/wiki/Lannister_guard_1
49,/wiki/Brusco
49,/wiki/Sailor_(The_Dance_of_Dragons)
49,/wiki/Baratheon_soldier
49,/wiki/Anara
49,/wiki/Brea
49,/wiki/Braavosi_prostitute
49,/wiki/Lannister_guard_2
49,/wiki/Baratheon_General
50,/wiki/Tyrion_Lannister
50,/wiki/Jaime_Lannister
50,/wiki/Cersei_Lannister
50,/wiki/Daenerys_Targaryen
50,/wiki/Jon_Snow
50,/wiki/Stannis_Baratheon
50,/wiki/Davos_Seaworth
50,/wiki/Melisandre
50,/wiki/Ellaria_Sand
50,/wiki/Arya_Stark
50,/wiki/Sansa_Stark
50,/wiki/Samwell_Tarly
50,/wiki/Gilly
50,/wiki/Missandei
50,/wiki/Daario_Naharis
50,/wiki/Varys
50,/wiki/Bronn
50,/wiki/Theon_Greyjoy
50,/wiki/Ramsay_Bolton
50,/wiki/Brienne_of_Tarth
50,/wiki/Jaqen_H%27ghar
50,/wiki/Jorah_Mormont
50,/wiki/High_Sparrow
50,/wiki/Alliser_Thorne
50,/wiki/Selyse_Baratheon
50,/wiki/Meryn_Trant
50,/wiki/Qyburn
50,/wiki/Pycelle
50,/wiki/Doran_Martell
50,/wiki/Grey_Worm
50,/wiki/Podrick_Payne
50,/wiki/The_Waif
50,/wiki/Areo_Hotah
50,/wiki/Obara_Sand
50,/wiki/Tyene_Sand
50,/wiki/Nymeria_Sand
50,/wiki/Olly
50,/wiki/Myranda
50,/wiki/Kevan_Lannister
50,/wiki/Myrcella_Baratheon
50,/wiki/Trystane_Martell
50,/wiki/Unella
50,/wiki/Gregor_Clegane
50,/wiki/Othell_Yarwyck
50,/wiki/Bowen_Marsh
50,/wiki/Baratheon_General
50,/wiki/Moelle
50,/wiki/Scolera
50,/wiki/Ghita
50,/wiki/Brothel_child_1
50,/wiki/Brothel_child_2
50,/wiki/Baratheon_soldier_(Mother%27s_Mercy)
50,/wiki/Baratheon_soldier
50,/wiki/Gordy
50,/wiki/Simpson
50,/wiki/Woodcutter?action=edit&redlink=1
50,/wiki/King%27s_Landing_drunkard
50,/wiki/King%27s_Landing_whore_(Mother%27s_Mercy)
50,/wiki/King%27s_Landing_flasher
50,/wiki/King%27s_Landing_flasher_2?action=edit&redlink=1
50,/wiki/Cersei_Lannister
51,/wiki/Tyrion_Lannister
51,/wiki/Jaime_Lannister
51,/wiki/Cersei_Lannister
51,/wiki/Daenerys_Targaryen
51,/wiki/Jon_Snow
51,/wiki/Davos_Seaworth
51,/wiki/Melisandre
51,/wiki/Margaery_Tyrell
51,/wiki/Ellaria_Sand
51,/wiki/Sansa_Stark
51,/wiki/Arya_Stark
51,/wiki/Varys
51,/wiki/Theon_Greyjoy
51,/wiki/Brienne_of_Tarth
51,/wiki/High_Sparrow
51,/wiki/Daario_Naharis
51,/wiki/Roose_Bolton
51,/wiki/Ramsay_Bolton
51,/wiki/Jorah_Mormont
51,/wiki/Alliser_Thorne
51,/wiki/Eddison_Tollett
51,/wiki/Doran_Martell
51,/wiki/Areo_Hotah
51,/wiki/Waif
51,/wiki/Podrick_Payne
51,/wiki/Obara_Sand
51,/wiki/Tyene_Sand
51,/wiki/Nymeria_Sand
51,/wiki/Unella
51,/wiki/Trystane_Martell
51,/wiki/Olly
51,/wiki/Gregor_Clegane
51,/wiki/Myranda
51,/wiki/Moro
51,/wiki/Qhono
51,/wiki/Moro%27s_wife_1
51,/wiki/Moro%27s_wife_2
51,/wiki/Zanrush
51,/wiki/Wolkan
51,/wiki/Moro%27s_bloodrider_1
51,/wiki/Moro%27s_bloodrider_2
51,/wiki/Unidentified_handmaiden
51,/wiki/Loyal_Night%27s_Watch_man_1
51,/wiki/Loyal_Night%27s_Watch_man_2
51,/wiki/Night%27s_Watch_man_1
51,/wiki/Night%27s_Watch_man_2
51,/wiki/Bolton_officer
51,/wiki/Bolton_soldier_(The_Red_Woman)
51,/wiki/Meereenese_homeless_mother
51,/wiki/Caleotte
52,/wiki/Tyrion_Lannister
52,/wiki/Jaime_Lannister
52,/wiki/Cersei_Lannister
52,/wiki/Jon_Snow
52,/wiki/Davos_Seaworth
52,/wiki/Melisandre
52,/wiki/Sansa_Stark
52,/wiki/Missandei
52,/wiki/Arya_Stark
52,/wiki/Varys
52,/wiki/High_Sparrow
52,/wiki/Tormund_Giantsbane
52,/wiki/Theon_Greyjoy
52,/wiki/Jaqen_H%27ghar
52,/wiki/Ramsay_Bolton
52,/wiki/Roose_Bolton
52,/wiki/Brienne_of_Tarth
52,/wiki/Tommen_Baratheon
52,/wiki/Bran_Stark
52,/wiki/Three-eyed_raven
52,/wiki/Balon_Greyjoy
52,/wiki/Alliser_Thorne
52,/wiki/Eddison_Tollett
52,/wiki/Euron_Greyjoy
52,/wiki/Aeron_Greyjoy
52,/wiki/Grey_Worm
52,/wiki/Yara_Greyjoy
52,/wiki/Hodor
52,/wiki/Waif
52,/wiki/Meera_Reed
52,/wiki/Podrick_Payne
52,/wiki/Wun_Weg_Wun_Dar_Wun
52,/wiki/Leaf
52,/wiki/Gregor_Clegane
52,/wiki/Walda_Bolton
52,/wiki/King%27s_Landing_boaster
52,/wiki/Wolkan
52,/wiki/Harald_Karstark
52,/wiki/Olly
52,/wiki/Myrcella_Baratheon
52,/wiki/Old_Nan
52,/wiki/Hodor
52,/wiki/Rodrik_Cassel
52,/wiki/Lannister_captain_(Home)
52,/wiki/Eddard_Stark
52,/wiki/Lyanna_Stark
52,/wiki/Benjen_Stark
52,/wiki/Night%27s_Watch_man_1
52,/wiki/Night%27s_Watch_man_2
52,/wiki/Loyal_Night%27s_Watch_man_2
52,/wiki/Loyal_Night%27s_Watch_man_1
53,/wiki/Tyrion_Lannister
53,/wiki/Jaime_Lannister
53,/wiki/Cersei_Lannister
53,/wiki/Daenerys_Targaryen
53,/wiki/Jon_Snow
53,/wiki/Davos_Seaworth
53,/wiki/Melisandre
53,/wiki/Missandei
53,/wiki/Arya_Stark
53,/wiki/Varys
53,/wiki/Tormund_Giantsbane
53,/wiki/Bran_Stark
53,/wiki/Samwell_Tarly
53,/wiki/Ramsay_Bolton
53,/wiki/High_Sparrow
53,/wiki/Tommen_Baratheon
53,/wiki/Gilly
53,/wiki/Jaqen_H%27ghar
53,/wiki/Three-eyed_raven
53,/wiki/Olenna_Tyrell
53,/wiki/Alliser_Thorne
53,/wiki/Qyburn
53,/wiki/Pycelle
53,/wiki/Grey_Worm
53,/wiki/Osha
53,/wiki/Eddison_Tollett
53,/wiki/Waif
53,/wiki/Mace_Tyrell
53,/wiki/Kevan_Lannister
53,/wiki/Gregor_Clegane
53,/wiki/Olly
53,/wiki/Leaf
53,/wiki/Jon_Umber_(Smalljon)
53,/wiki/Harald_Karstark
53,/wiki/Rickon_Stark
53,/wiki/Vala
53,/wiki/Moro
53,/wiki/High_Priestess_of_the_Dosh_Khaleen
53,/wiki/Qhono
53,/wiki/Ornela
53,/wiki/Dothraki_widow_2
53,/wiki/Eddard_Stark
53,/wiki/Arthur_Dayne
53,/wiki/Gerold_Hightower
53,/wiki/Dothraki_widow_3
53,/wiki/Moro%27s_bloodrider_1
53,/wiki/Moro%27s_bloodrider_2
53,/wiki/Little_Bird_1
53,/wiki/Little_Bird_2
53,/wiki/Little_Bird_3
53,/wiki/Little_Bird_4
53,/wiki/Little_Bird_5
53,/wiki/Little_Bird_6
53,/wiki/Little_Bird_7
53,/wiki/Howland_Reed
54,/wiki/Tyrion_Lannister
54,/wiki/Jaime_Lannister
54,/wiki/Cersei_Lannister
54,/wiki/Daenerys_Targaryen
54,/wiki/Jon_Snow
54,/wiki/Margaery_Tyrell
54,/wiki/Petyr_Baelish
54,/wiki/Davos_Seaworth
54,/wiki/Melisandre
54,/wiki/Sansa_Stark
54,/wiki/Missandei
54,/wiki/Varys
54,/wiki/Tormund_Giantsbane
54,/wiki/High_Sparrow
54,/wiki/Daario_Naharis
54,/wiki/Tommen_Baratheon
54,/wiki/Ramsay_Bolton
54,/wiki/Brienne_of_Tarth
54,/wiki/Theon_Greyjoy
54,/wiki/Jorah_Mormont
54,/wiki/Olenna_Tyrell
54,/wiki/Eddison_Tollett
54,/wiki/Grey_Worm
54,/wiki/Osha
54,/wiki/Yara_Greyjoy
54,/wiki/Loras_Tyrell
54,/wiki/Pycelle
54,/wiki/Kevan_Lannister
54,/wiki/Yohn_Royce
54,/wiki/Podrick_Payne
54,/wiki/Unella
54,/wiki/Robin_Arryn
54,/wiki/Yezzan_zo_Qaggaz
54,/wiki/Razdal_mo_Eraz
54,/wiki/Ash
54,/wiki/Kesh
54,/wiki/Moro
54,/wiki/Forzho
54,/wiki/High_Priestess_of_the_Dosh_khaleen
54,/wiki/Ornela
54,/wiki/Qhono
54,/wiki/Iggo
54,/wiki/Brozho
54,/wiki/Rhalko
54,/wiki/Qorro
54,/wiki/Moro%27s_wife_2
54,/wiki/Dothraki_widow_3
54,/wiki/Dothraki_widow_2
54,/wiki/Moro%27s_bloodrider_1
54,/wiki/Moro%27s_bloodrider_2
54,/wiki/Night%27s_Watch_man_(Book_of_the_Stranger)
54,/wiki/Loyal_Night%27s_Watch_man_2
54,/wiki/Dothraki_woman_having_sex_(Book_of_the_Stranger)
54,/wiki/Dothraki_man_having_sex_(Book_of_the_Stranger)
55,/wiki/Tyrion_Lannister
55,/wiki/Daenerys_Targaryen
55,/wiki/Jon_Snow
55,/wiki/Petyr_Baelish
55,/wiki/Davos_Seaworth
55,/wiki/Melisandre
55,/wiki/Sansa_Stark
55,/wiki/Missandei
55,/wiki/Arya_Stark
55,/wiki/Varys
55,/wiki/Bran_Stark
55,/wiki/Tormund_Giantsbane
55,/wiki/Theon_Greyjoy
55,/wiki/Daario_Naharis
55,/wiki/Brienne_of_Tarth
55,/wiki/Jaqen_H%27ghar
55,/wiki/Jorah_Mormont
55,/wiki/Three-eyed_raven
55,/wiki/Hodor
55,/wiki/Izembaro
55,/wiki/Lady_Crane
55,/wiki/Euron_Greyjoy
55,/wiki/Yara_Greyjoy
55,/wiki/Eddison_Tollett
55,/wiki/Meera_Reed
55,/wiki/Waif
55,/wiki/Grey_Worm
55,/wiki/Aeron_Greyjoy
55,/wiki/Leaf
55,/wiki/Podrick_Payne
55,/wiki/Ironborn_1_(The_Door)
55,/wiki/Camello
55,/wiki/Bobono
55,/wiki/Bianca
55,/wiki/Clarenzo
55,/wiki/Mummer_(Margaery_Tyrell)
55,/wiki/Night_King
55,/wiki/Kinvara
55,/wiki/Zanrush
55,/wiki/Old_Nan
55,/wiki/Hodor
55,/wiki/Rickard_Stark
55,/wiki/Eddard_Stark
55,/wiki/Benjen_Stark
55,/wiki/Rodrik_Cassel
55,/wiki/Braavosi_woman_1_(The_Door)
55,/wiki/Braavosi_woman_2_(The_Door)
55,/wiki/Night%27s_Watch_man_(Book_of_the_Stranger)
55,/wiki/Night%27s_Watch_man_(The_Door)
55,/wiki/Ironborn_2_(The_Door)
55,/wiki/Ironborn_3_(The_Door)
55,/wiki/Mummer_1
55,/wiki/Mummer_2
55,/wiki/Mummer_3
55,/wiki/Musician_1_(The_Door)
55,/wiki/Musician_2_(The_Door)
55,/wiki/Musician_3_(The_Door)
55,/wiki/Musician_4_(The_Door)
55,/wiki/Musician_5_(The_Door)
56,/wiki/Jaime_Lannister
56,/wiki/Cersei_Lannister
56,/wiki/Daenerys_Targaryen
56,/wiki/Margaery_Tyrell
56,/wiki/Arya_Stark
56,/wiki/High_Sparrow
56,/wiki/Samwell_Tarly
56,/wiki/Bran_Stark
56,/wiki/Daario_Naharis
56,/wiki/Jaqen_H%27ghar
56,/wiki/Tommen_Baratheon
56,/wiki/Gilly
56,/wiki/Olenna_Tyrell
56,/wiki/Izembaro
56,/wiki/Walder_Frey
56,/wiki/Lady_Crane
56,/wiki/Benjen_Stark
56,/wiki/Edmure_Tully
56,/wiki/Meera_Reed
56,/wiki/Waif
56,/wiki/Mace_Tyrell
56,/wiki/Kevan_Lannister
56,/wiki/Unella
56,/wiki/Randyll_Tarly
56,/wiki/Melessa_Tarly
56,/wiki/Lancel
56,/wiki/Walder_Rivers
56,/wiki/Lothar_Frey
56,/wiki/Camello
56,/wiki/Bobono
56,/wiki/Bianca
56,/wiki/Clarenzo
56,/wiki/Mummer_(Margaery_Tyrell)
56,/wiki/Aerys_II_Targaryen
56,/wiki/Dickon_Tarly
56,/wiki/Talla_Tarly
56,/wiki/Eddard_Stark
56,/wiki/Tyrell_bannerman
56,/wiki/Kitty_Frey
56,/wiki/Mummer_1
56,/wiki/Mummer_2
56,/wiki/Mummer_3
56,/wiki/Sam
56,/wiki/Musician_1_(The_Door)
56,/wiki/Musician_2_(The_Door)
56,/wiki/Musician_3_(The_Door)
56,/wiki/Musician_4_(The_Door)
56,/wiki/Musician_5_(The_Door)
57,/wiki/Jaime_Lannister
57,/wiki/Cersei_Lannister
57,/wiki/Jon_Snow
57,/wiki/Margaery_Tyrell
57,/wiki/Davos_Seaworth
57,/wiki/Sansa_Stark
57,/wiki/Sandor_Clegane
57,/wiki/Arya_Stark
57,/wiki/High_Sparrow
57,/wiki/Tormund_Giantsbane
57,/wiki/Bronn
57,/wiki/Theon_Greyjoy
57,/wiki/Ray
57,/wiki/Olenna_Tyrell
57,/wiki/Brynden_Tully
57,/wiki/Edmure_Tully
57,/wiki/Yara_Greyjoy
57,/wiki/Waif
57,/wiki/Lem
57,/wiki/Robett_Glover
57,/wiki/Wun_Weg_Wun_Dar_Wun
57,/wiki/Gregor_Clegane
57,/wiki/Walder_Rivers
57,/wiki/Lothar_Frey
57,/wiki/Morgan_(season_6)
57,/wiki/Dim_Dalba
57,/wiki/Unella
57,/wiki/Lyanna_Mormont
57,/wiki/The_Waif
57,/wiki/Westerosi_trader_(The_Broken_Man)?action=edit&redlink=1
57,/wiki/Bear_Island_maester
57,/wiki/Volantene_whore_(The_Broken_Man)
57,/wiki/Northman_rioter?action=edit&redlink=1
57,/wiki/Wildling_rioter?action=edit&redlink=1
57,/wiki/Volantene_whore_2?action=edit&redlink=1
57,/wiki/Volantene_whore_3?action=edit&redlink=1
57,/wiki/Volantene_whore_4?action=edit&redlink=1
57,/wiki/Volantene_whore_5?action=edit&redlink=1
58,/wiki/Tyrion_Lannister
58,/wiki/Jaime_Lannister
58,/wiki/Cersei_Lannister
58,/wiki/Daenerys_Targaryen
58,/wiki/Missandei
58,/wiki/Arya_Stark
58,/wiki/Varys
58,/wiki/Sandor_Clegane
58,/wiki/Bronn
58,/wiki/Brienne_of_Tarth
58,/wiki/Jaqen_H%27ghar
58,/wiki/Tommen_Baratheon
58,/wiki/Izembaro
58,/wiki/Lady_Crane
58,/wiki/Pycelle
58,/wiki/Qyburn
58,/wiki/Kevan_Lannister
58,/wiki/Waif
58,/wiki/Grey_Worm
58,/wiki/Beric_Dondarrion
58,/wiki/Thoros_of_Myr
58,/wiki/Brynden_Tully
58,/wiki/Edmure_Tully
58,/wiki/Walder_Rivers
58,/wiki/Lothar_Frey
58,/wiki/Podrick_Payne
58,/wiki/Lancel
58,/wiki/Mace_Tyrell
58,/wiki/Gregor_Clegane
58,/wiki/Lem
58,/wiki/Red_Priestess_(No_One)
58,/wiki/Bobono
58,/wiki/Clarenzo
58,/wiki/Tully_bannerman_(No_One)
58,/wiki/Gatins
58,/wiki/Morgan
58,/wiki/Riddell
58,/wiki/Steve
58,/wiki/Lannister_soldier_(No_One)
58,/wiki/Waif
58,/wiki/Musician_1_(The_Door)
58,/wiki/Musician_2_(The_Door)
58,/wiki/Musician_3_(The_Door)
58,/wiki/Musician_4_(The_Door)
58,/wiki/Musician_5_(The_Door)
58,/wiki/Brotherhood_member
