episodeNumber,link
1,https://en.wikipedia.org/wiki/Winter_Is_Coming
2,https://en.wikipedia.org/wiki/The_Kingsroad
3,https://en.wikipedia.org/wiki/Lord_Snow
4,"https://en.wikipedia.org/wiki/Cripples,_Bastards,_and_Broken_Things"
5,https://en.wikipedia.org/wiki/The_Wolf_and_the_Lion
6,https://en.wikipedia.org/wiki/A_Golden_Crown
7,https://en.wikipedia.org/wiki/You_Win_or_You_Die
8,https://en.wikipedia.org/wiki/The_Pointy_End
9,https://en.wikipedia.org/wiki/Baelor
10,https://en.wikipedia.org/wiki/Fire_and_Blood_(Game_of_Thrones)
11,https://en.wikipedia.org/wiki/The_North_Remembers
12,https://en.wikipedia.org/wiki/The_Night_Lands
13,https://en.wikipedia.org/wiki/What_Is_Dead_May_Never_Die
14,https://en.wikipedia.org/wiki/Garden_of_Bones
15,https://en.wikipedia.org/wiki/The_Ghost_of_Harrenhal
16,https://en.wikipedia.org/wiki/The_Old_Gods_and_the_New
17,https://en.wikipedia.org/wiki/A_Man_Without_Honor
18,https://en.wikipedia.org/wiki/The_Prince_of_Winterfell
19,https://en.wikipedia.org/wiki/Blackwater_(Game_of_Thrones)
20,https://en.wikipedia.org/wiki/Valar_Morghulis
21,https://en.wikipedia.org/wiki/Valar_Dohaeris
22,"https://en.wikipedia.org/wiki/Dark_Wings,_Dark_Words"
23,https://en.wikipedia.org/wiki/Walk_of_Punishment
24,https://en.wikipedia.org/wiki/And_Now_His_Watch_Is_Ended
25,https://en.wikipedia.org/wiki/Kissed_by_Fire
26,https://en.wikipedia.org/wiki/The_Climb_(Game_of_Thrones)
27,https://en.wikipedia.org/wiki/The_Bear_and_the_Maiden_Fair
28,https://en.wikipedia.org/wiki/Second_Sons
29,https://en.wikipedia.org/wiki/The_Rains_of_Castamere
30,https://en.wikipedia.org/wiki/Mhysa
31,https://en.wikipedia.org/wiki/Two_Swords_(Game_of_Thrones)
32,https://en.wikipedia.org/wiki/The_Lion_and_the_Rose
33,https://en.wikipedia.org/wiki/Breaker_of_Chains
34,https://en.wikipedia.org/wiki/Oathkeeper
35,https://en.wikipedia.org/wiki/First_of_His_Name
36,https://en.wikipedia.org/wiki/The_Laws_of_Gods_and_Men
37,https://en.wikipedia.org/wiki/Mockingbird_(Game_of_Thrones)
38,https://en.wikipedia.org/wiki/The_Mountain_and_the_Viper
39,https://en.wikipedia.org/wiki/The_Watchers_on_the_Wall
40,https://en.wikipedia.org/wiki/The_Children_(Game_of_Thrones)
41,https://en.wikipedia.org/wiki/The_Wars_to_Come
42,https://en.wikipedia.org/wiki/The_House_of_Black_and_White
43,https://en.wikipedia.org/wiki/High_Sparrow
44,https://en.wikipedia.org/wiki/Sons_of_the_Harpy
45,https://en.wikipedia.org/wiki/Kill_the_Boy
46,"https://en.wikipedia.org/wiki/Unbowed,_Unbent,_Unbroken"
47,https://en.wikipedia.org/wiki/The_Gift_(Game_of_Thrones)
48,https://en.wikipedia.org/wiki/Hardhome
49,https://en.wikipedia.org/wiki/The_Dance_of_Dragons
50,https://en.wikipedia.org/wiki/Mother%27s_Mercy
51,https://en.wikipedia.org/wiki/The_Red_Woman
52,https://en.wikipedia.org/wiki/Home_(Game_of_Thrones)
53,https://en.wikipedia.org/wiki/Oathbreaker_(Game_of_Thrones)
54,https://en.wikipedia.org/wiki/Book_of_the_Stranger
55,https://en.wikipedia.org/wiki/The_Door_(Game_of_Thrones)
56,https://en.wikipedia.org/wiki/Blood_of_My_Blood
57,https://en.wikipedia.org/wiki/The_Broken_Man
58,https://en.wikipedia.org/wiki/No_One_(Game_of_Thrones)
59,https://en.wikipedia.org/wiki/Battle_of_the_Bastards
60,https://en.wikipedia.org/wiki/The_Winds_of_Winter_(Game_of_Thrones)
